"obs","time..2","elapsed","date","hhmmss..5","averaging","baseline_yn","id","machine","TIME..10","E","Emm","A","Ca","Ci","Pci","Pca","gsw","gbw","gtw","gtc","Rabs","TleafEB","TleafCnd","SVPleaf","RHcham","VPcham","SVPcham","VPDleaf","LatHFlux","SenHFlux","NetTherm","EBSum","Asty","Esty","Adyn","Crd","Csd","dCsd/dt","αVc","Edyn","Hr","Hs","dHs/dt","αVh","Leak","LeakPct","CorrFact","CorrFactPct","Fan","DarkAdaptedID","Qmax_d","Fo..53","Fm","Fv/Fm","A_dark","LightAdaptedID","Qmax","Fs","Fm'","PhiPS2","PS2/1","Qabs_fs","A_fs","ETR","PhiCO2","NPQ","alt._Fo'","DarkPulseID","Fmin","Fo'","Fv'/Fm'","qP","qN","qP_Fo","qN_Fo","qL","1-qL","ID..79","P1_dur","P1_Fmax","T@P1_Fmax","Q@P1_Fmax","P1_PredF","P1_ΔF","P2_dur","P2_ramp","P2_int","P2_int_se","P2_slp","P2_slp_se","P2_R2","P2_dQdt","P3_dur","P3_Fmax","T@P3_Fmax","Q@P3_Fmax","P3_PredF","P3_ΔF","ID..100","Dur","DCo","InitSlope","Fo..104","F1","T@F1","T@HIR","F2","T@F2","DCmax","T@DCmax","PhiPS2_dc","Qin","Qabs","alpha","convert","S","K","Geometry","Custom","UseDynamic","TIME..122","CO2_s","CO2_r","H2O_s","H2O_r","CO2_a","H2O_a","Flow","Pa","ΔPcham","Tair","Tleaf","Tleaf2","Offset","Offset2","Fan_speed","Qamb_in","Qamb_out","ΔCO2","CO2_s_d","CO2_r_d","ΔH2O","CO2_b","H2O_b","e_s","e_r","Td_s","Td_r","Q","f_red","f_blue","f_farred","F","Q_modavg","F_dc","Pc","Tled","TDigital","TPreamp","TPwrSpy","TDrive","Q_red","Q_blue","Q_farred","TSPF","state","F_avg","dF/dt","dF_dc/dt","F_dc_avg","period","time..173","hhmmss..174","co2_t","h2o_t","count","co2_adj","h2o_adj","co2_match","h2o_match","co2_at","h2o_at","co2_cv","h2o_cv","ΔCO2:MN","ΔCO2:SLP","ΔCO2:SD","ΔCO2:OK","F:MN","F:SLP","F:SD","F:OK","ΔH2O:MN","ΔH2O:SLP","ΔH2O:SD","ΔH2O:OK","Stable","Total","State","Vflow","VPchamber","abs_c_a","abs_c_b","abs_h_a","abs_h_b","Wc_s","Wc_r","Wco_s","Wco_r","Ww_s","Ww_r","Wwo_s","Wwo_r","Flow_s_v","Flow_r_v","Tleaf_mv","Tleaf2_mv","Tleaf_j","Tleaf2_j","Console_RH","Console_T","Console_H2O","Fan_%","Flow_%","Pump","Tchp_pwm","Txchg_pwm","diag_20v","diag_5_4v","diag_12v","diag_5va","diag_3_3vf","AccCO2_soda","AccH2O_des","CO2_hrs","AccH2O_hum","ADC_CH1","ADC_CH2","ADC_CH3","ADC_CH4","ADC_CH5","ADC_CH6","ADC_CH7","ADC_CH8","DAC_1","DAC_2","DAC_3","DAC_4","GPIO","GPIO_dir","excit_5v","power_12v","power_5v","ch1_pullup","AuxPower","MatchValveR","MatchValveS","MatchCO2","MatchH2O","cf_co2_a","cf_co2_b","cf_co2_c","cf_co2_d","cf_h2o_a","cf_h2o_b","cf_h2o_c","cf_h2o_d","co2_fit_low","co2_fit_high","h2o_fit_low","h2o_fit_high","co2_elapsed","h2o_elapsed","CO2_f","CO2_f_s","Pump_f","Pump_f_s","Pump_p","Pump_p_s","Tboard","V_system","DIAG","Flow_s","Flow_r","Txchg","Tirga","Tchopper","Ts","Tr","CO2_%","Desiccant_%","Humidifier_%","Txchg_sp","CO2_r_sp","H2O_r_sp","SS_s","SS_r"
1,1705357917,0,2024-01-15 16:31:57,16:31:57,5,"n","brit.lc.1.9","gibson",1705357914,0.00028859426391599,0.288594263915992,-0.599482335963891,420.623600748718,469.093447024517,42.4697825589685,38.0815229380827,0.0155929361763297,2.75457402112626,0.015544064578554,0.0097194184408069,0,25.5582870912378,25.5582870912378,3.28706363406675,50.0210708338993,1.65200617888261,3.30262057837244,1.63505745518414,-12.7270070386952,11.8139724671301,0.912669807051606,-0.00036476451354161,-0.625730832789656,0.288911573489903,-0.599482335963891,427.691805278706,428.428618181818,-0.00093119916170491,64.5662323805408,0.288594263915992,17.9069321018653,18.246913986014,-2.15030714279188e-06,99.9936761968302,5,1,1,0,48090,"-","-",0,0,0,0,"-","-",0,0,0,0.5,0,0,0,0,0,0,"-",0,0,0,0,0,0,0,0,1,"None","None","None","None","None","None","None","None","None","None","None","None","None","None","None","None","None","None","None","None","None","None","None","None","None","None","None","None","None","None","None","None","None","None",0,0,0,0,6,0.5,"0: Broadleaf",2,TRUE,1705357914,420.6236,420.0186,18.24698,17.90664,417.806,18.00556,500.0408,90.43578,0.10008834,25.63784,24.9847,999.9,0,0,9989.746,0,0.445135,0.6050174,428.4412,427.6768,0.3403012,420.0186,17.90664,1.65018,1.619402,14.43554,14.14468,0,0,0,0,2.70812,0,-39.23218,-2.08446,33.625,38.687,36.125,37.687,34.75,0,0,0,1705357932.2,0,2.620208,-0.263899983347993,0.101461530826,-39.176056,15,1705357472,16:24:32,1705357472,1705357469,5,-0.33,-0.007,2.815,0.258,420,19,0.27,0.07,0.5798386,0.0636959097744365,0.0337437300196644,1,2.63427352941176,-0.290235283547414,0.17981630710063,1,0.340388,-0.00725368421052611,0.00119332321690311,1,3,3,"3/3",3.12467,2.72317,0.0896841,0.0899973,0.083611,0.0829266,24047.2,22299,23620,23855.9,36897,36191.4,42588.1,42514.6,1.84325,1.8465,0.0357628,0,24.4014,999.9,45.825,29.85,21.4041,53.9787,47.2196,1,-0.0247561,0.268499,20.2457,5.23361,11.992,4.95615,3.304,9999,9999,999.9,9999,1.86842,1.86401,1.87167,1.86245,1.86188,1.86835,1.85843,1.86493,5,0,0,0,11111111,"oooooooo","off","off","off","off",0,100,100,2.817,0.2415,1.63800106695156,0.00369010259108627,-2.33795300598267e-06,6.30664277223988e-10,0.0522087272673597,-0.00636665310988633,0.00124096907129474,-1.68717816838163e-05,5,2211,0,30,7.4,7.5,1.04126,2.37549,1.4978,2.32788,1.54419,2.36816,35.6845,24.2364,18,494.868,444.19,24.6005,27.1744,30.0003,26.9599,26.983,20.8954,30.71,70.0683,24.6041,420,17.9496,95.4469,99.1059
2,1705357922,5,2024-01-15 16:32:02,16:32:02,5,"n","brit.lc.1.9","gibson",1705357918.8,0.00028829819980298,0.288298199802985,-0.63367929027516,420.585800791327,472.603719019907,42.7879713354405,38.0784417559663,0.0155725495833786,2.75896043319014,0.0155238827140306,0.00970678647181056,0,25.5605661208072,25.5605661208072,3.28750841665737,50.0145235924597,1.65199381508479,3.30302819346229,1.63551460157258,-12.7139506113117,11.8031812865742,0.910406377896997,-0.0003629468405002,-0.62650710580234,0.289240745017295,-0.63367929027516,427.632775220167,428.400345454545,0.0014196100237514,64.5662323805408,0.288298199802985,17.9059232637127,18.2455699300699,-2.28664261785914e-06,99.9936761968302,5,1,1,0,47972,"-","-",0,0,0,0,"-","-",0,0,0,0.5,0,0,0,0,0,0,"-",0,0,0,0,0,0,0,0,1,"None","None","None","None","None","None","None","None","None","None","None","None","None","None","None","None","None","None","None","None","None","None","None","None","None","None","None","None","None","None","None","None","None","None",0,0,0,0,6,0.5,"0: Broadleaf",2,TRUE,1705357918.8,420.5858,419.98,18.24668,17.90594,417.7684,18.00528,500.023,90.43676,0.09991928,25.63992,24.98328,999.9,0,0,10015.6,0,0.4490298,0.6058778,428.4028,427.6372,0.3407106,419.98,17.90594,1.65017,1.619356,14.43546,14.14424,0,0,0,0,2.69304,0,-39.1794,-2.10764,33.625,38.687,36.125,37.687,34.75,0,0,0,1705357937,0,2.611048,0.3718384761589,0.164215380570853,-39.166264,15,1705357472,16:24:32,1705357472,1705357469,5,-0.33,-0.007,2.815,0.258,420,19,0.27,0.07,0.582595142857143,0.116736545454546,0.0373561304298756,1,2.62993823529412,-0.0490252037184264,0.168365469099578,1,0.340229238095238,0.00358262337662278,0.00095858426883269,1,3,3,"3/3",3.12482,2.72331,0.0896848,0.0899969,0.0836013,0.0829209,24047.4,22298.8,23620.2,23855.6,36897.2,36191.4,42587.8,42514.3,1.84335,1.84667,0.0356138,0,24.3995,999.9,45.8,29.85,21.392,54.2287,46.859,1,-0.0247663,0.270038,20.2457,5.23436,11.992,4.95595,3.304,9999,9999,999.9,9999,1.86843,1.86401,1.87166,1.86246,1.86188,1.86835,1.85839,1.86493,5,0,0,0,11111111,"oooooooo","off","off","off","off",0,100,100,2.818,0.2413,1.63800106695156,0.00369010259108627,-2.33795300598267e-06,6.30664277223988e-10,0.0522087272673597,-0.00636665310988633,0.00124096907129474,-1.68717816838163e-05,5,2211,0,30,7.5,7.5,1.04126,2.3877,1.49902,2.32788,1.54419,2.23511,35.6845,24.2276,18,494.945,444.313,24.6115,27.1767,30.0002,26.9621,26.9852,20.8963,30.71,70.0683,24.6134,420,17.9496,95.4469,99.1051
3,1705357927,10,2024-01-15 16:32:07,16:32:07,5,"n","brit.lc.1.9","gibson",1705357923.8,0.00029189589972198,0.291895899721986,-0.588244319101233,420.58040073669,467.250667543247,42.3039219769984,38.0784912547458,0.015767282308166,2.75740070616307,0.015717364664171,0.00982782457113446,0,25.5608137410342,25.5608137410342,3.28755674616751,50.0107198282032,1.65199363352028,3.30327905536094,1.63556311264723,-12.8726091777396,11.9499790436632,0.922257679723655,-0.00037245435279587,-0.603798165562324,0.291193367932512,-0.588244319101233,427.659522814911,428.382757575758,-0.00094980681277535,64.5662323805408,0.291895899721986,17.9035363665979,18.247420979021,3.71103922918949e-07,99.9936761968302,5,1,1,0,47880,"-","-",0,0,0,0,"-","-",0,0,0,0.5,0,0,0,0,0,0,"-",0,0,0,0,0,0,0,0,1,"None","None","None","None","None","None","None","None","None","None","None","None","None","None","None","None","None","None","None","None","None","None","None","None","None","None","None","None","None","None","None","None","None","None",0,0,0,0,6,0.5,"0: Broadleaf",2,TRUE,1705357923.8,420.5804,420.0028,18.24642,17.90336,417.763,18.00502,499.9944,90.43806,0.09989942,25.6412,24.9906,999.9,0,0,10006.22,0,0.4523682,0.5776,428.3972,427.6594,0.3430618,420.0028,17.90336,1.65017,1.619148,14.43546,14.14224,0,0,0,0,2.7172,0,-39.12412,-2.09738,33.625,38.687,36.1374,37.687,34.75,0,0,0,1705357942.4,0,2.64186538461539,-0.0058974264624778,0.184030771026387,-39.1743730769231,15,1705357472,16:24:32,1705357472,1705357469,5,-0.33,-0.007,2.815,0.258,420,19,0.27,0.07,0.590525380952381,-0.0898562337662337,0.0269244651810105,1,2.61704411764706,0.436878540784524,0.181993932011283,1,0.341041238095238,0.0125993766233769,0.00164122178370586,1,3,3,"3/3",3.12474,2.72328,0.0896906,0.090002,0.0836033,0.0829126,24047,22298.3,23620,23855.2,36896.9,36191,42587.6,42513.5,1.84295,1.84673,0.0368655,0,24.3977,999.9,45.825,29.85,21.4015,54.5087,46.9271,1,-0.0246748,0.256209,20.2455,5.23391,11.992,4.95585,3.304,9999,9999,999.9,9999,1.86843,1.86401,1.87168,1.86243,1.86188,1.86837,1.85842,1.86493,5,0,0,0,11111111,"oooooooo","off","off","off","off",0,100,100,2.818,0.2414,1.63800106695156,0.00369010259108627,-2.33795300598267e-06,6.30664277223988e-10,0.0522087272673597,-0.00636665310988633,0.00124096907129474,-1.68717816838163e-05,5,2211,0,30,7.6,7.6,1.04126,2.3584,1.4978,2.32788,1.54419,2.44629,35.6845,24.2364,18,494.724,444.361,24.622,27.1776,30.0002,26.9644,26.9875,20.8937,30.71,70.0683,24.6252,420,17.9496,95.4463,99.1034
4,1705357932,15,2024-01-15 16:32:12,16:32:12,5,"n","brit.lc.1.9","gibson",1705357928.8,0.00028744295330298,0.287442953302986,-0.554658897331976,420.561200689801,464.743856189865,42.0772356416086,38.0770020032564,0.0155197934582627,2.75650562216508,0.0154714123187668,0.00967396690924503,0,25.5629562458599,25.5629562458599,3.28797493747648,50.0005289931855,1.65174912142925,3.30346329266709,1.63622581604723,-12.6762342406617,11.7673972266686,0.908475616200618,-0.00036139779246013,-0.577934236247961,0.29061428296605,-0.554658897331976,427.67100156432,428.359496969697,-0.00230639568664818,64.5662323805408,0.287442953302986,17.9012890385496,18.2399517482518,-7.86236332371054e-06,99.9936761968302,4,1,1,0,48241,"-","-",0,0,0,0,"-","-",0,0,0,0.5,0,0,0,0,0,0,"-",0,0,0,0,0,0,0,0,1,"None","None","None","None","None","None","None","None","None","None","None","None","None","None","None","None","None","None","None","None","None","None","None","None","None","None","None","None","None","None","None","None","None","None",0,0,0,0,6,0.5,"0: Broadleaf",2,TRUE,1705357928.8,420.5612,420.0144,18.2436,17.90126,417.7434,18.00226,500.051,90.43862,0.09993168,25.64214,24.99734,999.9,0,0,10000.86,0,0.445135,0.5467408,428.3762,427.67,0.3423228,420.0144,17.90126,1.649926,1.618966,14.43314,14.1405,0,0,0,0,2.79696,0,-39.34592,-2.09254,33.625,38.687,36.125,37.687,34.7624,0,0,0,1705357947.2,0,2.65628461538462,0.471364110674715,-0.449846152592606,-39.2036538461538,15,1705357472,16:24:32,1705357472,1705357469,5,-0.33,-0.007,2.815,0.258,420,19,0.27,0.07,0.57994085,-0.192377187969925,0.030569855076979,1,2.64675,0.241278843134153,0.170568887670573,1,0.34169025,0.00842449624060088,0.00172539997899038,1,3,3,"3/3",3.12456,2.72343,0.0896772,0.0900018,0.0835809,0.0829081,24046.9,22298.4,23619.5,23855.3,36897.3,36191.2,42587,42513.6,1.84312,1.84665,0.0364482,0,24.3955,999.9,45.8,29.85,21.391,54.3087,47.1795,1,-0.0244741,0.291098,20.2454,5.23406,11.992,4.95585,3.304,9999,9999,999.9,9999,1.86844,1.86401,1.87166,1.86245,1.86188,1.86837,1.85842,1.86493,5,0,0,0,11111111,"oooooooo","off","off","off","off",0,100,100,2.817,0.2413,1.63800106695156,0.00369010259108627,-2.33795300598267e-06,6.30664277223988e-10,0.0522087272673597,-0.00636665310988633,0.00124096907129474,-1.68717816838163e-05,5,2211,0,30,7.7,7.7,1.04126,2.38159,1.49902,2.32788,1.54419,2.32056,35.7078,24.2364,18,494.846,444.334,24.6298,27.179,30.0003,26.9666,26.9898,20.8939,30.71,70.0683,24.6269,420,17.9497,95.4447,99.1036
5,1705357937,20,2024-01-15 16:32:17,16:32:17,5,"n","brit.lc.1.9","gibson",1705357933.8,0.00029115225245659,0.291152252456592,-0.524469249806808,420.501600651622,460.925971652395,41.732131524964,38.0721182664999,0.0157223025918051,2.76020475572834,0.0156727191106772,0.00979989121593018,0,25.5611941649003,25.5611941649003,3.2876309969618,49.997006209634,1.65155043348696,3.30329865464769,1.63608056347484,-12.8398143333357,11.9204018295875,0.919042642963539,-0.00036986078466405,-0.539002692863385,0.290075406284774,-0.524469249806808,427.656915634682,428.307096969697,-0.0019967821026747,64.5662323805408,0.291152252456592,17.8995798502171,18.2425825174825,-2.0050933129664e-06,99.9936761968302,5,1,1,0,48183,"-","-",0,0,0,0,"-","-",0,0,0,0.5,0,0,0,0,0,0,"-",0,0,0,0,0,0,0,0,1,"None","None","None","None","None","None","None","None","None","None","None","None","None","None","None","None","None","None","None","None","None","None","None","None","None","None","None","None","None","None","None","None","None","None",0,0,0,0,6,0.5,"0: Broadleaf",2,TRUE,1705357933.8,420.5016,420.0012,18.24116,17.89944,417.6842,17.99986,500.0306,90.4399,0.09987014,25.6413,24.98964,999.9,0,0,10022.624,0,0.445135,0.500348,428.3148,427.656,0.341711,420.0012,17.89944,1.649728,1.618824,14.43132,14.13916,0,0,0,0,2.7869,0,-39.33298,-2.12454,33.625,38.687,36.125,37.687,34.7624,0,0,0,1705357952,0,2.70325769230769,0.833022227265506,-0.467018804561207,-39.2231192307692,15,1705357472,16:24:32,1705357472,1705357469,5,-0.33,-0.007,2.815,0.258,420,19,0.27,0.07,0.556738,-0.385910025974025,0.0462580617118069,1,2.67845,0.648285717240971,0.17848309732132,1,0.341950952380952,0.00163566233766258,0.00179653877474464,1,3,3,"3/3",3.12486,2.72331,0.0896862,0.0900006,0.0835952,0.0829017,24046.8,22298.3,23619.7,23855.2,36897,36191.5,42587.3,42513.6,1.84323,1.84652,0.03618,0,24.3926,999.9,45.8,29.85,21.3921,53.9287,46.7388,1,-0.0242175,0.294973,20.2454,5.23436,11.992,4.9559,3.304,9999,9999,999.9,9999,1.86844,1.86403,1.87168,1.86246,1.86188,1.86834,1.85841,1.86493,5,0,0,0,11111111,"oooooooo","off","off","off","off",0,100,100,2.818,0.2413,1.63800106695156,0.00369010259108627,-2.33795300598267e-06,6.30664277223988e-10,0.0522087272673597,-0.00636665310988633,0.00124096907129474,-1.68717816838163e-05,5,2211,0,30,7.8,7.8,1.04126,2.38281,1.4978,2.32788,1.54419,2.2583,35.6845,24.2364,18,494.923,444.272,24.6318,27.1813,30.0001,26.9689,26.9915,20.8935,30.71,70.0683,24.6306,420,17.9498,95.4454,99.1035
6,1705357942,25,2024-01-15 16:32:22,16:32:22,5,"n","brit.lc.1.9","gibson",1705357938.8,0.00029089086645071,0.290890866450716,-0.573967188622604,420.556200718274,466.026469972047,42.1933237758218,38.0765151470901,0.0157017092782194,2.75144904095078,0.0156520985455628,0.00978700577976062,0,25.5647098996208,25.5647098996208,3.28831726429496,49.987072407882,1.65158285930298,3.30401997905875,1.63673440499197,-12.8282872104766,11.9069552981037,0.920960524140731,-0.00037138823218363,-0.554505675841439,0.291947842344861,-0.573967188622604,427.685552265628,428.377,0.00207845660347568,64.5662323805408,0.290890866450716,17.8979181601555,18.2405762237762,-3.72045386161302e-07,99.9936761968302,4,1,1,0,48085,"-","-",0,0,0,0,"-","-",0,0,0,0.5,0,0,0,0,0,0,"-",0,0,0,0,0,0,0,0,1,"None","None","None","None","None","None","None","None","None","None","None","None","None","None","None","None","None","None","None","None","None","None","None","None","None","None","None","None","None","None","None","None","None","None",0,0,0,0,6,0.5,"0: Broadleaf",2,TRUE,1705357938.8,420.5562,420.0382,18.24178,17.89788,417.7386,18.00046,500.0678,90.43826,0.10021044,25.64498,24.98944,999.9,0,0,9971,0,0.4551502,0.5178834,428.3706,427.693,0.3438824,420.0382,17.89788,1.649756,1.618654,14.43154,14.13752,0,0,0,0,2.7578,0,-39.25456,-2.11682,33.625,38.687,36.125,37.687,34.75,0,0,0,1705357957.4,0,2.735804,0.243869243069582,-0.0783153933675468,-39.2548,15,1705357472,16:24:32,1705357472,1705357469,5,-0.33,-0.007,2.815,0.258,420,19,0.27,0.07,0.5357727,-0.250729714285714,0.0365407203228125,1,2.70491470588235,0.404875484053687,0.186805488854289,1,0.34277095,0.00243297744360843,0.00187313527207727,1,3,3,"3/3",3.12472,2.72289,0.089689,0.0900043,0.083581,0.0828924,24046.8,22298.1,23619.8,23855.2,36897.5,36191.7,42587.3,42513.4,1.84337,1.8465,0.0365749,0,24.3901,999.9,45.8,29.85,21.3928,53.5487,47.1675,1,-0.0242607,0.273761,20.2453,5.23451,11.992,4.95595,3.304,9999,9999,999.9,9999,1.86844,1.86402,1.87167,1.86246,1.86188,1.86837,1.8584,1.86491,5,0,0,0,11111111,"oooooooo","off","off","off","off",0,100,100,2.817,0.2412,1.63800106695156,0.00369010259108627,-2.33795300598267e-06,6.30664277223988e-10,0.0522087272673597,-0.00636665310988633,0.00124096907129474,-1.68717816838163e-05,5,2211,0,30,7.8,7.9,1.04126,2.36694,1.4978,2.32788,1.54419,2.41333,35.7311,24.2451,18,495.029,444.274,24.6364,27.1823,30.0001,26.9709,26.9937,20.8921,30.71,70.0683,24.6392,420,17.9498,95.4455,99.1031
7,1705357947,30,2024-01-15 16:32:27,16:32:27,5,"n","brit.lc.1.9","gibson",1705357943.8,0.00029121493995181,0.291214939951819,-0.593767615507456,420.586000741118,467.998014568472,42.3696008090197,38.0772148653122,0.0157139171380296,2.75516999622855,0.0156642962401918,0.00979463025696811,0,25.5656212685918,25.5656212685918,3.2884951828834,49.9758618728969,1.65130063430033,3.30419641085943,1.63719454858307,-12.8425788518752,11.9213691029204,0.920838463669541,-0.00037128528532548,-0.604223103388612,0.292194344530386,-0.593767615507456,427.669190164538,428.39923030303,-0.00096388907539286,64.5662323805408,0.291214939951819,17.89563282567,18.2387496503497,-4.17242312711616e-06,99.9936761968302,5,1,1,0,48102,"-","-",0,0,0,0,"-","-",0,0,0,0.5,0,0,0,0,0,0,"-",0,0,0,0,0,0,0,0,1,"None","None","None","None","None","None","None","None","None","None","None","None","None","None","None","None","None","None","None","None","None","None","None","None","None","None","None","None","None","None","None","None","None","None",0,0,0,0,6,0.5,"0: Broadleaf",2,TRUE,1705357943.8,420.586,420.0084,18.23962,17.89538,417.7682,17.99838,499.9968,90.4338,0.09991914,25.64588,24.99228,999.9,0,0,9993.49,0,0.4468042,0.5773928,428.3998,427.6616,0.3442288,420.0084,17.89538,1.64948,1.61835,14.42898,14.13466,0,0,0,0,2.69528,0,-39.386,-2.07748,33.625,38.687,36.1374,37.687,34.75,0,0,0,1705357962.2,0,2.710196,-0.702953835034987,-0.970192317091598,-39.28144,15,1705357472,16:24:32,1705357472,1705357469,5,-0.33,-0.007,2.815,0.258,420,19,0.27,0.07,0.541665285714286,0.128885064935065,0.0423611877347569,1,2.71312647058824,0.0249916036714863,0.175292139867445,1,0.343113904761905,0.00712363636363711,0.00187819883081439,1,3,3,"3/3",3.12474,2.72333,0.0896861,0.0899938,0.0835739,0.0828846,24046.7,22298.5,23619.7,23855.3,36897.8,36192.2,42587.3,42513.6,1.84302,1.84635,0.0362769,0,24.3873,999.9,45.8,29.85,21.389,54.1287,46.8389,1,-0.0243725,0.272647,20.2454,5.23496,11.992,4.95625,3.304,9999,9999,999.9,9999,1.86841,1.86402,1.87166,1.8624,1.86188,1.86836,1.85839,1.86492,5,0,0,0,11111111,"oooooooo","off","off","off","off",0,100,100,2.818,0.2413,1.63800106695156,0.00369010259108627,-2.33795300598267e-06,6.30664277223988e-10,0.0522087272673597,-0.00636665310988633,0.00124096907129474,-1.68717816838163e-05,5,2211,0,30,7.9,8,1.04126,2.38281,1.49902,2.32788,1.54419,2.24121,35.7078,24.2364,18,494.837,444.202,24.6436,27.1836,30.0001,26.9732,26.996,20.8917,30.71,70.0683,24.6452,420,17.95,95.4452,99.1037
8,1705357952,35,2024-01-15 16:32:32,16:32:32,5,"n","brit.lc.1.9","gibson",1705357948.8,0.0002892712492679,0.289271249267905,-0.573449727056209,420.56720071683,466.3276948046,42.2195139860852,38.0765350430088,0.0156072307506664,2.75711819170256,0.0155583146858662,0.00972832874146729,0,25.5658092207028,25.5658092207028,3.28853187617517,49.9721970352367,1.65114035509279,3.30411799570976,1.63739152108237,-12.7568620927146,11.8424045327331,0.914091695127307,-0.00036586485416556,-0.603213396250918,0.290206532473741,-0.573449727056209,427.641593243373,428.357339393939,-0.00320368659509993,64.5662323805408,0.289271249267905,17.8951675187865,18.2359993006993,-4.55892027122261e-06,99.9936761968302,5,1,1,0,47976,"-","-",0,0,0,0,"-","-",0,0,0,0.5,0,0,0,0,0,0,"-",0,0,0,0,0,0,0,0,1,"None","None","None","None","None","None","None","None","None","None","None","None","None","None","None","None","None","None","None","None","None","None","None","None","None","None","None","None","None","None","None","None","None","None",0,0,0,0,6,0.5,"0: Broadleaf",2,TRUE,1705357948.8,420.5672,419.9898,18.23736,17.89546,417.7498,17.99614,499.9952,90.43614,0.1000097,25.64548,24.9809,999.9,0,0,10004.76,0,0.445135,0.5771608,428.38,427.643,0.3418886,419.9898,17.89546,1.649314,1.618396,14.42744,14.13508,0,0,0,0,2.79582,0,-39.2724,-2.08756,33.625,38.687,36.1498,37.687,34.75,0,0,0,1705357967,0,2.700852,0.0858615532763085,-0.832923081316288,-39.323396,15,1705357472,16:24:32,1705357472,1705357469,5,-0.33,-0.007,2.815,0.258,420,19,0.27,0.07,0.54761055,0.351486090225564,0.0459771894589861,1,2.72047941176471,-0.161987769817085,0.167847156977818,1,0.34292015,0.00129054135338341,0.00182232659737489,1,3,3,"3/3",3.12483,2.72327,0.0896748,0.0899915,0.0835656,0.0828888,24046.7,22298.1,23619.4,23854.8,36897.7,36191.4,42586.8,42512.9,1.84325,1.8462,0.0366122,0,24.3837,999.9,45.8,29.86,21.4029,54.3187,46.9952,1,-0.0241768,0.25841,20.2455,5.23496,11.992,4.95625,3.304,9999,9999,999.9,9999,1.8684,1.86401,1.87167,1.8624,1.86188,1.86837,1.8584,1.86491,5,0,0,0,11111111,"oooooooo","off","off","off","off",0,100,100,2.817,0.2412,1.63800106695156,0.00369010259108627,-2.33795300598267e-06,6.30664277223988e-10,0.0522087272673597,-0.00636665310988633,0.00124096907129474,-1.68717816838163e-05,5,2211,0,30,8,8.1,1.04126,2.35596,1.4978,2.32788,1.54419,2.4231,35.7078,24.2364,18,494.989,444.125,24.6509,27.1857,30.0002,26.9754,26.9977,20.8939,30.71,70.0683,24.6539,420,17.9508,95.4441,99.1018
9,1705357957,40,2024-01-15 16:32:37,16:32:37,5,"n","brit.lc.1.9","gibson",1705357953.8,0.00028974393470809,0.289743934708094,-0.750347732794026,420.563800937985,484.164354496952,43.8352040312212,38.0769460845936,0.0156211925388966,2.7552687548237,0.0155721562839822,0.00973699048737699,0,25.571869670036,25.571869670036,3.28971523011272,49.9520134956158,1.65108461077342,3.30534145719337,1.6386306193393,-12.7777075206269,11.861131634965,0.916208354669436,-0.00036753099252351,-0.624220133374099,0.290032421654254,-0.750347732794026,427.612863140545,428.422993939394,0.0226694637092929,64.5662323805408,0.289743934708094,17.8951181815166,18.2364293706294,-1.5137103279905e-06,99.9936761968302,4,1,1,0,48028,"-","-",0,0,0,0,"-","-",0,0,0,0.5,0,0,0,0,0,0,"-",0,0,0,0,0,0,0,0,1,"None","None","None","None","None","None","None","None","None","None","None","None","None","None","None","None","None","None","None","None","None","None","None","None","None","None","None","None","None","None","None","None","None","None",0,0,0,0,6,0.5,"0: Broadleaf",2,TRUE,1705357953.8,420.5638,419.9612,18.2364,17.89476,417.7462,17.9952,500.076,90.43782,0.10003894,25.65172,24.99426,999.9,0,0,9993.63,0,0.445135,0.6021668,428.3758,427.6136,0.3416114,419.9612,17.89476,1.649258,1.618364,14.4269,14.13478,0,0,0,0,2.70246,0,-39.29432,-2.07544,33.625,38.687,36.1374,37.687,34.7624,0,0,0,1705357972.4,0,2.68955,-0.0509709313900706,0.92387691891099,-39.3320846153846,15,1705357472,16:24:32,1705357472,1705357469,5,-0.33,-0.007,2.815,0.258,420,19,0.27,0.07,0.572557761904762,0.244067766233766,0.0387906606628141,1,2.706,0.0223254462816366,0.16636171611352,1,0.342989142857143,-0.0111854805194806,0.00153442852044457,1,3,3,"3/3",3.12469,2.72321,0.0896894,0.0899958,0.0835653,0.082881,24046.7,22298.5,23619.7,23855.4,36897.9,36192.5,42587,42513.8,1.84328,1.8466,0.0379011,0,24.3798,999.9,45.8,29.85,21.3911,54.2687,46.9191,1,-0.0242581,0.235877,20.2455,5.23496,11.992,4.957,3.304,9999,9999,999.9,9999,1.86841,1.86402,1.87165,1.86244,1.86188,1.86841,1.8584,1.86493,5,0,0,0,11111111,"oooooooo","off","off","off","off",0,100,100,2.818,0.2411,1.63800106695156,0.00369010259108627,-2.33795300598267e-06,6.30664277223988e-10,0.0522087272673597,-0.00636665310988633,0.00124096907129474,-1.68717816838163e-05,5,2211,0,30,8.1,8.1,1.04126,2.38281,1.49902,2.32788,1.54419,2.28882,35.7078,24.2364,18,495.018,444.383,24.6612,27.1859,30.0001,26.9774,27,20.8941,30.71,70.0683,24.666,420,17.9509,95.4449,99.104
10,1705357962,45,2024-01-15 16:32:42,16:32:42,5,"n","brit.lc.1.9","gibson",1705357958.8,0.00028975583740504,0.289755837405045,-0.380344372888087,420.554800478415,446.715810181518,40.4446134305277,38.0760562846225,0.0156191549234873,2.75384746292913,0.0155701062227694,0.00973571030913239,0,25.5725081733409,25.5725081733409,3.28983992493566,49.9452984885587,1.65092925883738,3.30547480703427,1.63891066609829,-12.7782324295625,11.8611739527539,0.916690562077522,-0.00036791473106667,-0.579013208312029,0.291014295827068,-0.380344372888087,427.662125027835,428.293212121212,-0.035375950177955,64.5662323805408,0.289755837405045,17.8921561823717,18.2335762237762,-3.07501452267376e-06,99.9936761968302,5,1,1,0,47771,"-","-",0,0,0,0,"-","-",0,0,0,0.5,0,0,0,0,0,0,"-",0,0,0,0,0,0,0,0,1,"None","None","None","None","None","None","None","None","None","None","None","None","None","None","None","None","None","None","None","None","None","None","None","None","None","None","None","None","None","None","None","None","None","None",0,0,0,0,6,0.5,"0: Broadleaf",2,TRUE,1705357958.8,420.5548,420.0068,18.23472,17.89184,417.7372,17.99352,499.9552,90.43764,0.1000408,25.6524,24.99886,999.9,0,0,9985.244,0,0.445135,0.5478454,428.3658,427.6584,0.3428492,420.0068,17.89184,1.649104,1.618096,14.42544,14.13222,0,0,0,0,2.71494,0,-39.10048,-2.05544,33.625,38.687,36.1374,37.687,34.7624,0,0,0,1705357977.2,0,2.7031,-0.228717951329976,1.01770257075788,-39.2785153846154,15,1705357472,16:24:32,1705357472,1705357469,5,-0.33,-0.007,2.815,0.258,420,19,0.27,0.07,0.5790024,-0.161523157894737,0.0402317225512406,1,2.70145882352941,0.0558288786030243,0.152625874989344,1,0.34263265,-0.00481763909774437,0.00141541132802447,1,3,3,"3/3",3.12486,2.72309,0.0896712,0.0899987,0.0835522,0.082868,24046.7,22298.8,23619.2,23855.8,36897.8,36193.4,42586.3,42514.3,1.84312,1.84648,0.0376105,0,24.3757,999.9,45.8,29.86,21.4029,54.4887,46.9071,1,-0.0239863,0.656517,20.244,5.23511,11.992,4.9574,3.304,9999,9999,999.9,9999,1.86843,1.86403,1.87164,1.86245,1.86188,1.8684,1.85841,1.86493,5,0,0,0,11111111,"oooooooo","off","off","off","off",0,100,100,2.817,0.2411,1.63800106695156,0.00369010259108627,-2.33795300598267e-06,6.30664277223988e-10,0.0522087272673597,-0.00636665310988633,0.00124096907129474,-1.68717816838163e-05,5,2211,0,30,8.2,8.2,1.04126,2.36572,1.4978,2.32788,1.54419,2.41943,35.7078,24.2364,18,494.942,444.322,24.6333,27.1882,30.0003,26.979,27.0017,20.8926,30.71,70.0683,24.5763,420,17.9569,95.4432,99.1054
11,1705357967,50,2024-01-15 16:32:47,16:32:47,5,"n","brit.lc.1.9","gibson",1705357963.8,0.00028827839322372,0.288278393223722,-0.723264199261439,420.547400899315,481.767937245783,43.6171459832874,38.0745084091377,0.0155449630485575,2.75968765904791,0.0154964808980832,0.00968964381451163,0,25.5675513819732,25.5675513819732,3.28887200979252,49.9516288930425,1.65059785671394,3.3043924558461,1.63827415307859,-12.7130771411661,11.802534087293,0.910180321144578,-0.00036273272855424,-0.605489317715711,0.290004173407389,-0.723264199261439,427.62721504377,428.40343030303,0.0228600989627433,64.5662323805408,0.288278393223722,17.8897809539221,18.229434965035,-6.36848221125181e-06,99.9936761968302,5,1,1,0,48158,"-","-",0,0,0,0,"-","-",0,0,0,0.5,0,0,0,0,0,0,"-",0,0,0,0,0,0,0,0,1,"None","None","None","None","None","None","None","None","None","None","None","None","None","None","None","None","None","None","None","None","None","None","None","None","None","None","None","None","None","None","None","None","None","None",0,0,0,0,6,0.5,"0: Broadleaf",2,TRUE,1705357963.8,420.5474,419.9672,18.23148,17.88984,417.7298,17.9904,500.0298,90.43584,0.0997532,25.64688,24.98938,999.9,0,0,10020.01,0,0.445135,0.579834,428.3568,427.6176,0.341627,419.9672,17.88984,1.64878,1.617884,14.4224,14.13018,0,0,0,0,2.79736,0,-39.4355,-2.06582,33.625,38.687,36.1374,37.687,34.7624,0,0,0,1705357982,0,2.69730384615385,-0.110225641228257,-0.810372647186741,-39.3065076923077,15,1705357472,16:24:32,1705357472,1705357469,5,-0.33,-0.007,2.815,0.258,420,19,0.27,0.07,0.577471047619048,-0.05600735064935,0.047401847756306,1,2.71006764705882,0.0912498100401324,0.148704285551972,1,0.342003904761905,-0.00236345454545461,0.0012720795087745,1,3,3,"3/3",3.12464,2.72338,0.0896757,0.0899881,0.0835406,0.0828654,24046.8,22299,23619.5,23855.7,36898.5,36193.5,42586.6,42514.3,1.84293,1.8465,0.0375658,0,24.3716,999.9,45.8,29.85,21.3908,54.0787,47.0473,1,-0.0237271,0.386084,20.245,5.23496,11.992,4.9575,3.304,9999,9999,999.9,9999,1.86843,1.86403,1.87168,1.86244,1.86189,1.86843,1.85841,1.86493,5,0,0,0,11111111,"oooooooo","off","off","off","off",0,100,100,2.817,0.241,1.63800106695156,0.00369010259108627,-2.33795300598267e-06,6.30664277223988e-10,0.0522087272673597,-0.00636665310988633,0.00124096907129474,-1.68717816838163e-05,5,2211,0,30,8.2,8.3,1.04126,2.37427,1.49902,2.32788,1.54419,2.33887,35.7078,24.2364,18,494.835,444.355,24.5811,27.1882,30.0004,26.9807,27.004,20.8964,30.4137,70.0683,24.5948,420,17.9556,95.444,99.1051
12,1705357972,55,2024-01-15 16:32:52,16:32:52,5,"n","brit.lc.1.9","gibson",1705357968.8,0.00028551255106385,0.285512551063856,-0.558977477296272,420.521800696739,465.602763607308,42.1544217828198,38.0729126650806,0.0153901215865747,2.75667283076892,0.0153425470816379,0.00959335397730551,0,25.5692527810889,25.5692527810889,3.28920421480881,49.9407313215921,1.65033762783886,3.30459243220039,1.63886658696995,-12.5911035019161,11.6883723763992,0.902374594487374,-0.00035653102945865,-0.553618935611626,0.284883761107239,-0.558977477296272,427.643863302307,428.331393939394,-0.0009603313446818,64.5662323805408,0.285512551063856,17.8909233174927,18.2273412587413,-5.05556039029417e-06,99.9936761968302,5,1,1,0,48127,"-","-",0,0,0,0,"-","-",0,0,0,0.5,0,0,0,0,0,0,"-",0,0,0,0,0,0,0,0,1,"None","None","None","None","None","None","None","None","None","None","None","None","None","None","None","None","None","None","None","None","None","None","None","None","None","None","None","None","None","None","None","None","None","None",0,0,0,0,6,0.5,"0: Broadleaf",2,TRUE,1705357968.8,420.5218,420.0012,18.22826,17.89262,417.7042,17.98726,499.9836,90.43726,0.10005008,25.6479,24.98852,999.9,0,0,10002,0,0.445135,0.5202942,428.3294,427.6532,0.3356516,420.0012,17.89262,1.648514,1.61816,14.41994,14.13284,0,0,0,0,2.56232,0,-39.46824,-2.0358,33.625,38.687,36.1374,37.687,34.75,0,0,0,1705357987.4,0,2.665968,-0.936669235892562,-0.652361528159082,-39.375112,15,1705357472,16:24:32,1705357472,1705357469,5,-0.33,-0.007,2.815,0.258,420,19,0.27,0.07,0.55932155,-0.256995563909775,0.0583634942498091,1,2.67264411764706,-0.306987015590834,0.187633131075412,1,0.34028575,-0.025264466165414,0.00386599619600175,1,3,3,"3/3",3.12489,2.72323,0.0896891,0.0900045,0.0835389,0.0829228,24046.5,22298.1,23619.5,23855.2,36898.7,36190.3,42586.6,42513.2,1.84305,1.8462,0.037618,0,24.3688,999.9,45.776,29.85,21.3802,53.5187,46.8149,1,-0.0235747,0.318445,20.2453,5.23466,11.992,4.95755,3.304,9999,9999,999.9,9999,1.86843,1.86403,1.87166,1.86246,1.86188,1.86842,1.85842,1.86493,5,0,0,0,11111111,"oooooooo","off","off","off","off",0,100,100,2.818,0.241,1.63800106695156,0.00369010259108627,-2.33795300598267e-06,6.30664277223988e-10,0.0522087272673597,-0.00636665310988633,0.00124096907129474,-1.68717816838163e-05,5,2211,0,30,8.3,8.4,1.04126,2.38037,1.4978,2.32788,1.54419,2.30103,35.7078,24.2364,18,494.923,444.191,24.5891,27.1905,30.0002,26.9824,27.0061,20.8943,30.4137,70.0683,24.6035,420,17.9622,95.4441,99.1028
13,1705358684.1,767.099999904633,2024-01-15 16:44:44,16:44:44,5,"n","paul.lc.3.27","gibson",1705358680.6,0.00032616491705006,0.326164917050064,-0.573332568236554,420.582000717128,459.786702449447,41.6404188163641,38.0898589784926,0.0175923656918282,2.75572269552029,0.0175302100643857,0.0109619473360609,0,25.6189465458964,25.6189465458964,3.29892006289145,50.0524910172262,1.66001821864626,3.31655465074643,1.63890184424519,-14.3838728419078,13.3516912710428,1.03171584802944,-0.00046572283559065,-0.606548368058773,0.326413498643749,-0.573332568236554,427.699300109234,428.416266666666,-0.00344459970433312,65.1180760844622,0.326164917050064,17.9453395628254,18.3295879120879,1.23190965102999e-06,98.3074730551215,1,0,1,0,48001,"-","-",0,0,0,0,"-","-",0,0,0,0.5,0,0,0,0,0,0,"-",0,0,0,0,0,0,0,0,1,"None","None","None","None","None","None","None","None","None","None","None","None","None","None","None","None","None","None","None","None","None","None","None","None","None","None","None","None","None","None","None","None","None","None",0,0,0,0,6,0.5,"0: Broadleaf",2,TRUE,1705358680.6,420.582,420.018833333333,18.32965,17.9451,417.770166666667,18.0822666666667,499.9565,90.4647333333333,0.0999102166666667,25.7088166666667,24.9822666666667,999.9,0,0,9993.34166666666,0,0.389493,0.562988333333333,428.435,427.694,0.3845625,420.018833333333,17.9451,1.65818666666667,1.6234,14.51045,14.1827166666667,0,0,0,0,2.63701666666667,0,-39.8321,-2.17905,33.5,38.5516666666667,36.0413333333333,37.5413333333333,34.656,0,0,0,1705358699,0,2.664496,-0.0626461498467006,0.679507678160818,-39.808692,15,1705358218.1,16:36:58,1705358218.1,1705358213.1,6,-0.006,0.004,2.811,0.275,420,20,0.33,0.04,0.604233476190476,-0.0394598181818183,0.0477882364939512,1,2.64688529411765,0.37324522652795,0.158062919587242,1,0.383427238095238,0.00156116883116945,0.00105659795051142,1,3,3,"3/3",3.12478,2.72312,0.0897028,0.0900242,0.0838929,0.0830811,24052.3,22305.3,23625.2,23863,36893,36195.2,42596.7,42526.1,1.85082,1.84848,0.0418685,0,24.293,999.9,45.825,29.839,21.3844,54.3869,46.8429,1,-0.0359756,0.0931454,20.2457,5.23466,11.992,4.9565,3.304,9999,9999,999.9,9999,1.86841,1.86404,1.87168,1.86247,1.86189,1.86836,1.85842,1.86493,5,0,0,0,11111111,"oooooooo","off","off","off","off",0,100,100,2.812,0.2474,1.63220988568771,0.00369010259108627,-2.33795300598267e-06,6.30664277223988e-10,0.0564988701004559,-0.00636665310988633,0.00124096907129474,-1.68717816838163e-05,5,2211,0,30,7.8,7.8,1.04004,2.36816,1.4978,2.32788,1.54419,2.41211,35.7078,24.2364,18,499.441,445.474,24.7822,27.0884,29.9999,26.9644,26.9948,20.8887,29.6526,70.7757,24.7871,420,18.0156,95.4668,99.1337
14,1705358689.1,772.099999904633,2024-01-15 16:44:49,16:44:49,5,"n","paul.lc.3.27","gibson",1705358685.9,0.00032436373819719,0.324363738197191,-0.748954110789976,420.574200935181,475.966219024199,43.105264896987,38.0887584360854,0.0174861854464858,2.75714364215228,0.0174248079607969,0.010896001456177,0,25.6231491610819,25.6231491610819,3.29974288339828,50.0428207816373,1.66005809541658,3.31727522447281,1.6396847879817,-14.3044408544961,13.2784153268422,1.02556536551505,-0.00046016213892485,-0.573435721621216,0.319212918801244,-0.748954110789976,427.722204127863,428.484915151515,0.032148831105999,65.1180760844622,0.324363738197191,17.9488932543025,18.3309736263736,9.52268234753714e-07,98.3074730551215,1,0,1,0,48043,"-","-",0,0,0,0,"-","-",0,0,0,0.5,0,0,0,0,0,0,"-",0,0,0,0,0,0,0,0,1,"None","None","None","None","None","None","None","None","None","None","None","None","None","None","None","None","None","None","None","None","None","None","None","None","None","None","None","None","None","None","None","None","None","None",0,0,0,0,6,0.5,"0: Broadleaf",2,TRUE,1705358685.9,420.5742,420.0472,18.33028,17.95426,417.7624,18.08288,500.0186,90.46376,0.09994636,25.71248,24.9808,999.9,0,0,10001.856,0,0.39923,0.526947,428.4274,427.7268,0.3760038,420.0472,17.95426,1.658224,1.62421,14.5108,14.19044,0,0,0,0,2.77326,0,-39.94532,-2.15976,33.5,38.562,36.0496,37.5372,34.6374,0,0,0,1705358704.4,0,2.65853076923077,0.155022235136976,0.292399987102834,-39.8143038461538,15,1705358218.1,16:36:58,1705358218.1,1705358213.1,6,-0.006,0.004,2.811,0.275,420,20,0.33,0.04,0.580480666666667,-0.340126987012987,0.0521776980595508,1,2.65883235294118,0.171463718186947,0.178914803452547,1,0.381641095238095,-0.022125194805194,0.00454576777427052,1,3,3,"3/3",3.12472,2.72335,0.0897271,0.0900299,0.0838975,0.0831463,24052.4,22305.4,23625.9,23863.1,36893,36192.8,42596.9,42526.3,1.85072,1.84837,0.0421517,0,24.293,999.9,45.825,29.819,21.3579,54.3069,47.0192,1,-0.035968,0.0766748,20.2457,5.23391,11.992,4.9564,3.304,9999,9999,999.9,9999,1.86841,1.86403,1.87168,1.86243,1.86188,1.86841,1.85841,1.86493,5,0,0,0,11111111,"oooooooo","off","off","off","off",0,100,100,2.812,0.2475,1.63220988568771,0.00369010259108627,-2.33795300598267e-06,6.30664277223988e-10,0.0564988701004559,-0.00636665310988633,0.00124096907129474,-1.68717816838163e-05,5,2211,0,30,7.8,7.9,1.04126,2.3645,1.49902,2.32788,1.54419,2.3999,35.7078,24.2451,18,499.378,445.396,24.7957,27.0871,29.9999,26.9642,26.9925,20.8858,29.6526,70.7757,24.8005,420,18.0147,95.4681,99.1344
15,1705358694.1,777.099999904633,2024-01-15 16:44:54,16:44:54,5,"n","paul.lc.3.27","gibson",1705358690.9,0.00031727207895128,0.317272078951285,-0.475855357624197,420.626200593178,452.280301857666,40.9598656175317,38.0931749199448,0.0171037774036523,2.75256777764537,0.0170449529783817,0.010658363806442,0,25.625167418295,25.625167418295,3.3001380971252,50.0580042860783,1.66058146872941,3.31731456819432,1.63955662839579,-13.9916986817517,12.9865550576445,1.00470200140034,-0.00044162270686598,-0.652708555650521,0.313894637845125,-0.475855357624197,427.692248020819,428.4232,-0.0315280487225925,65.1180760844622,0.317272078951285,17.9665424217787,18.3402241758242,7.71918034155918e-06,98.3074730551215,1,0,1,0,48254,"-","-",0,0,0,0,"-","-",0,0,0,0.5,0,0,0,0,0,0,"-",0,0,0,0,0,0,0,0,1,"None","None","None","None","None","None","None","None","None","None","None","None","None","None","None","None","None","None","None","None","None","None","None","None","None","None","None","None","None","None","None","None","None","None",0,0,0,0,6,0.5,"0: Broadleaf",2,TRUE,1705358690.9,420.6262,420.0014,18.3362,17.96644,417.8144,18.08868,500.0092,90.463,0.10001026,25.71268,24.98918,999.9,0,0,9974.882,0,0.395057,0.624829,428.483,427.6854,0.3697542,420.0014,17.96644,1.658746,1.625296,14.51566,14.20076,0,0,0,0,2.6994,0,-39.7997,-2.19482,33.5,38.562,36.0496,37.562,34.6374,0,0,0,1705358709.2,0,2.68138076923077,0.523750435255636,-0.0708820608805814,-39.7691576923077,15,1705358218.1,16:36:58,1705358218.1,1705358213.1,6,-0.006,0.004,2.811,0.275,420,20,0.33,0.04,0.5883468,-0.0712752180451125,0.0589132661338683,1,2.66419705882353,0.00926967821130544,0.176668730355621,1,0.37835595,-0.0595882556390982,0.0069704679288768,1,3,3,"3/3",3.12475,2.72317,0.0897112,0.090022,0.0839256,0.083158,24053,22305.4,23626,23862.9,36892.1,36192.4,42597.2,42526.4,1.8504,1.84862,0.0422299,0,24.2942,999.9,45.825,29.839,21.3812,54.0469,46.6827,1,-0.0359985,0.0754521,20.2456,5.23376,11.992,4.9563,3.304,9999,9999,999.9,9999,1.86842,1.86402,1.87165,1.86245,1.86188,1.86835,1.85842,1.86493,5,0,0,0,11111111,"oooooooo","off","off","off","off",0,100,100,2.812,0.2475,1.63220988568771,0.00369010259108627,-2.33795300598267e-06,6.30664277223988e-10,0.0564988701004559,-0.00636665310988633,0.00124096907129474,-1.68717816838163e-05,5,2211,0,30,7.9,8,1.04126,2.3877,1.49902,2.32788,1.54419,2.23999,35.6845,24.2364,18,499.165,445.542,24.8092,27.0848,29.9999,26.9619,26.9918,20.8878,29.6526,70.7757,24.8121,420,18.0095,95.4687,99.1341
16,1705358699.1,782.099999904633,2024-01-15 16:44:59,16:44:59,5,"n","paul.lc.3.27","gibson",1705358695.9,0.00031914802534339,0.319148025343397,-0.756552381614557,420.575600944589,477.768801457032,43.2694181079047,38.0896815944382,0.0172053525941637,2.75950260914311,0.0171459777492845,0.0107215535250343,0,25.6281555584157,25.6281555584157,3.30072330858246,50.0654173039023,1.66115242168696,3.31796379845112,1.63957088689549,-14.0744279176438,13.0656689314532,1.00831420082334,-0.00044478536722714,-0.647394532548086,0.317222194887516,-0.756552381614557,427.644976911333,428.47266060606,0.0204201157299144,65.1180760844622,0.319148025343397,17.9680514186035,18.3439395604396,1.11487886344928e-05,98.3074730551215,1,0,1,0,47981,"-","-",0,0,0,0,"-","-",0,0,0,0.5,0,0,0,0,0,0,"-",0,0,0,0,0,0,0,0,1,"None","None","None","None","None","None","None","None","None","None","None","None","None","None","None","None","None","None","None","None","None","None","None","None","None","None","None","None","None","None","None","None","None","None",0,0,0,0,6,0.5,"0: Broadleaf",2,TRUE,1705358695.9,420.5756,419.9588,18.34198,17.96828,417.764,18.09432,499.9792,90.46558,0.10001988,25.71598,24.98946,999.9,0,0,10015.62,0,0.4131408,0.6168822,428.4336,427.6426,0.3737114,419.9588,17.96828,1.659318,1.62551,14.52098,14.20278,0,0,0,0,2.54058,0,-39.5658,-2.17636,33.5,38.562,36.0248,37.562,34.6374,0,0,0,1705358714,0,2.67848076923077,0.0581641077624099,0.836598282578628,-39.7186269230769,15,1705358218.1,16:36:58,1705358218.1,1705358213.1,6,-0.006,0.004,2.811,0.275,420,20,0.33,0.04,0.58262119047619,0.25323451948052,0.0533045651485687,1,2.68415882352941,0.123012987734717,0.173642565799517,1,0.376272523809524,-0.0462001558441551,0.00652515087670153,1,3,3,"3/3",3.12475,2.72332,0.0897203,0.0900256,0.083941,0.083164,24052.7,22305.2,23626,23862.8,36891.5,36192.1,42597.2,42526.3,1.8508,1.84813,0.0428595,0,24.295,999.9,45.825,29.819,21.3581,54.6269,47.0593,1,-0.0365549,0.0841885,20.2455,5.23436,11.992,4.9569,3.304,9999,9999,999.9,9999,1.8684,1.86402,1.87164,1.86247,1.86188,1.86832,1.85843,1.86493,5,0,0,0,11111111,"oooooooo","off","off","off","off",0,100,100,2.812,0.2477,1.63220988568771,0.00369010259108627,-2.33795300598267e-06,6.30664277223988e-10,0.0564988701004559,-0.00636665310988633,0.00124096907129474,-1.68717816838163e-05,5,2211,0,30,8,8.1,1.04004,2.36572,1.4978,2.32788,1.54419,2.43896,35.7078,24.2364,18,499.399,445.227,24.8186,27.0827,29.9999,26.961,26.9902,20.8866,29.6526,70.7757,24.8193,420,18.0095,95.4687,99.1338
17,1705358704.1,787.099999904633,2024-01-15 16:45:04,16:45:04,5,"n","paul.lc.3.27","gibson",1705358700.9,0.00032290037136408,0.322900371364085,-0.662593914996117,420.610000827608,468.444943134831,42.4253475701492,38.0931115558139,0.01741372092572,2.75662325463307,0.0173528386914288,0.0108509763820383,0,25.6278368694774,25.6278368694774,3.30066089071906,50.0758473241369,1.66157730830421,3.31812120431824,1.63908358241485,-14.2399063771562,13.2182898269029,1.02116036025247,-0.00045619000078467,-0.635799559198663,0.320672068817333,-0.662593914996117,427.696704634737,428.489915151515,0.0034399182775553,65.1180760844622,0.322900371364085,17.9691821880853,18.349421978022,8.87617842242373e-06,98.3074730551215,1,0,1,0,48044,"-","-",0,0,0,0,"-","-",0,0,0,0.5,0,0,0,0,0,0,"-",0,0,0,0,0,0,0,0,1,"None","None","None","None","None","None","None","None","None","None","None","None","None","None","None","None","None","None","None","None","None","None","None","None","None","None","None","None","None","None","None","None","None","None",0,0,0,0,6,0.5,"0: Broadleaf",2,TRUE,1705358700.9,420.61,420.009,18.34652,17.96884,417.7984,18.09878,500.0882,90.4663,0.10004764,25.71678,25.00044,999.9,0,0,9998.496,0,0.3950572,0.6011658,428.4712,427.694,0.3776678,420.009,17.96884,1.659744,1.625574,14.52498,14.2034,0,0,0,0,2.66174,0,-39.85962,-2.14924,33.5,38.562,36.0372,37.5248,34.6374,0,0,0,1705358719.4,0,2.684784,-0.171961545708347,-0.371461535954922,-39.721828,15,1705358218.1,16:36:58,1705358218.1,1705358213.1,6,-0.006,0.004,2.811,0.275,420,20,0.33,0.04,0.5924697,0.248116691729324,0.0518525535090607,1,2.67759705882353,0.081223835848066,0.181151716533723,1,0.3741601,0.0112364210526317,0.00471317953084751,1,3,3,"3/3",3.12473,2.72339,0.0897268,0.0900295,0.0839591,0.0831589,24053,22305.5,23626.4,23863.2,36891.2,36193,42597.7,42527.1,1.8508,1.8486,0.0429265,0,24.295,999.9,45.825,29.839,21.3821,54.4569,46.7788,1,-0.0364533,0.102318,20.2454,5.23436,11.992,4.9568,3.304,9999,9999,999.9,9999,1.86841,1.86401,1.87165,1.86247,1.86188,1.86837,1.85841,1.86493,5,0,0,0,11111111,"oooooooo","off","off","off","off",0,100,100,2.812,0.2478,1.63220988568771,0.00369010259108627,-2.33795300598267e-06,6.30664277223988e-10,0.0564988701004559,-0.00636665310988633,0.00124096907129474,-1.68717816838163e-05,5,2211,0,30,8.1,8.2,1.04126,2.37427,1.49902,2.32788,1.54419,2.34375,35.6845,24.2364,18,499.388,445.5,24.8251,27.0815,30,26.9596,26.9884,20.8859,29.6526,70.7757,24.8234,420,18.0095,95.4701,99.1356
18,1705358709.1,792.099999904633,2024-01-15 16:45:09,16:45:09,5,"n","paul.lc.3.27","gibson",1705358705.9,0.0003225585577602,0.322558557760206,-0.638782213152425,420.642600799817,466.372462963724,42.2371764775949,38.0956363741363,0.0173965684526627,2.75423874243614,0.0173357534637723,0.0108402920948253,0,25.6278596233641,25.6278596233641,3.30066534722171,50.0802527417611,1.66172348540054,3.31812120431824,1.63894186182117,-14.2248323972251,13.2034772021441,1.02089923843721,-0.00045595664373188,-0.655557495951721,0.322654650808957,-0.638782213152425,427.70643866309,428.494745454545,-0.00163353681263927,65.1180760844622,0.322558557760206,17.9678632725691,18.3477978021978,4.53806185087073e-06,98.3074730551215,1,0,1,0,47994,"-","-",0,0,0,0,"-","-",0,0,0,0.5,0,0,0,0,0,0,"-",0,0,0,0,0,0,0,0,1,"None","None","None","None","None","None","None","None","None","None","None","None","None","None","None","None","None","None","None","None","None","None","None","None","None","None","None","None","None","None","None","None","None","None",0,0,0,0,6,0.5,"0: Broadleaf",2,TRUE,1705358705.9,420.6426,420.0188,18.34834,17.96826,417.8308,18.10056,500.0018,90.4653,0.100031,25.71678,25.00414,999.9,0,0,9984.504,0,0.390884,0.6239074,428.505,427.704,0.3800794,420.0188,17.96826,1.659886,1.625502,14.5263,14.20274,0,0,0,0,2.69424,0,-39.76344,-2.1414,33.5,38.562,36.0248,37.5124,34.625,0,0,0,1705358724.2,0,2.689444,0.53445384150285,-0.739707701753359,-39.707008,15,1705358218.1,16:36:58,1705358218.1,1705358213.1,6,-0.006,0.004,2.811,0.275,420,20,0.33,0.04,0.613878476190476,-0.0137224675324679,0.0337416983181388,1,2.70315294117647,-0.0592299472407195,0.181523063249135,1,0.374886095238095,0.0425427272727269,0.00458345538093532,1,3,3,"3/3",3.12482,2.72312,0.089726,0.0900254,0.0839547,0.0831634,24053,22305.2,23626.4,23862.9,36891.3,36192.3,42597.6,42526.5,1.85085,1.84862,0.0433177,0,24.2968,999.9,45.825,29.839,21.3816,54.6769,46.7829,1,-0.0360976,0.275106,20.2452,5.23436,11.992,4.9568,3.304,9999,9999,999.9,9999,1.8684,1.86402,1.87165,1.86243,1.86188,1.86833,1.85842,1.86493,5,0,0,0,11111111,"oooooooo","off","off","off","off",0,100,100,2.812,0.2478,1.63220988568771,0.00369010259108627,-2.33795300598267e-06,6.30664277223988e-10,0.0564988701004559,-0.00636665310988633,0.00124096907129474,-1.68717816838163e-05,5,2211,0,30,8.2,8.3,1.04126,2.38647,1.49902,2.32788,1.54419,2.23755,35.7078,24.2364,18,499.403,445.51,24.814,27.0802,30.0003,26.9577,26.9878,20.8879,29.6526,70.7757,24.7893,420,18.0095,95.4698,99.1342
19,1705358714.1,797.099999904633,2024-01-15 16:45:14,16:45:14,5,"n","paul.lc.3.27","gibson",1705358710.9,0.00032173315852742,0.321733158527426,-0.506281309397129,420.582600631118,454.403144945675,41.1523617465955,38.0894532047416,0.0173442029470991,2.75689328833331,0.0172838108266496,0.0108077901467823,0,25.6311466269685,25.6311466269685,3.30130918434424,50.0703098239212,1.66168717675871,3.31870759857939,1.63962200758553,-14.1884322910595,13.1705729318517,1.01740653622593,-0.00045282298187565,-0.631172180321544,0.32250472017044,-0.506281309397129,427.674803077031,428.400387878788,-0.022562239117356,65.1180760844622,0.321733158527426,17.9690954267985,18.348067032967,-4.78835259839994e-08,98.3074730551215,1,0,1,0,48130,"-","-",0,0,0,0,"-","-",0,0,0,0.5,0,0,0,0,0,0,"-",0,0,0,0,0,0,0,0,1,"None","None","None","None","None","None","None","None","None","None","None","None","None","None","None","None","None","None","None","None","None","None","None","None","None","None","None","None","None","None","None","None","None","None",0,0,0,0,6,0.5,"0: Broadleaf",2,TRUE,1705358710.9,420.5826,419.988,18.3483,17.96842,417.7706,18.10054,500.0326,90.46362,0.09992958,25.71976,25.00996,999.9,0,0,10000.39,0,0.4075766,0.5942872,428.4436,427.6728,0.3799034,419.988,17.96842,1.659852,1.625486,14.52598,14.20256,0,0,0,0,2.6508,0,-39.7035,-2.14828,33.5,38.562,36,37.5496,34.6374,0,0,0,1705358729,0,2.72316,0.519176913869134,0.266099996495095,-39.750652,15,1705358218.1,16:36:58,1705358218.1,1705358213.1,6,-0.006,0.004,2.811,0.275,420,20,0.33,0.04,0.60669865,-0.0198188120300744,0.0319375032340899,1,2.70977352941176,0.125737198524112,0.176299611805691,1,0.37782095,0.0259271729323308,0.00309735752658617,1,3,3,"3/3",3.12472,2.72327,0.0897086,0.0900263,0.0839533,0.0831531,24053.5,22305.1,23626.4,23862.7,36891.6,36192.3,42597.8,42526.1,1.85072,1.8486,0.0434257,0,24.2971,999.9,45.825,29.839,21.3816,54.3869,47.0112,1,-0.035874,0.23284,20.2454,5.23436,11.992,4.95715,3.304,9999,9999,999.9,9999,1.86843,1.86405,1.87165,1.86247,1.86188,1.86837,1.85844,1.86493,5,0,0,0,11111111,"oooooooo","off","off","off","off",0,100,100,2.812,0.2478,1.63220988568771,0.00369010259108627,-2.33795300598267e-06,6.30664277223988e-10,0.0564988701004559,-0.00636665310988633,0.00124096907129474,-1.68717816838163e-05,5,2211,0,30,8.3,8.3,1.04004,2.36084,1.4978,2.32788,1.54419,2.40845,35.6845,24.2364,18,499.323,445.478,24.7864,27.0779,30.0001,26.9571,26.9857,20.8858,29.6526,70.7757,24.7821,420,18.0095,95.4702,99.1334
20,1705358719.1,802.099999904633,2024-01-15 16:45:19,16:45:19,5,"n","paul.lc.3.27","gibson",1705358715.9,0.00032338309474066,0.323383094740668,-0.633044353353504,420.538600792631,465.596181293593,42.1658316078535,38.0852776248241,0.0174438845064615,2.75804231824964,0.0173828228864318,0.0108697325469764,0,25.6258663272264,25.6258663272264,3.30027496662596,50.0830168498647,1.66162994806323,3.31775131087719,1.63864501856273,-14.2611944780635,13.2385572518905,1.02218011276262,-0.00045711341038234,-0.584443569294841,0.323263607894381,-0.633044353353504,427.685183498735,428.425254545455,0.00706157124230596,65.1180760844622,0.323383094740668,17.966520286012,18.3474626373626,-2.07052592786076e-07,98.3074730551215,1,0,1,0,47885,"-","-",0,0,0,0,"-","-",0,0,0,0.5,0,0,0,0,0,0,"-",0,0,0,0,0,0,0,0,1,"None","None","None","None","None","None","None","None","None","None","None","None","None","None","None","None","None","None","None","None","None","None","None","None","None","None","None","None","None","None","None","None","None","None",0,0,0,0,6,0.5,"0: Broadleaf",2,TRUE,1705358715.9,420.5386,420.0004,18.34776,17.96696,417.7266,18.1,499.9986,90.4631,0.09999588,25.7149,25.00128,999.9,0,0,10007.248,0,0.390884,0.5379638,428.3986,427.6846,0.3808284,420.0004,17.96696,1.659796,1.625346,14.52544,14.2012,0,0,0,0,2.77744,0,-39.68084,-2.1397,33.5,38.562,36.0248,37.5496,34.625,0,0,0,1705358734.4,0,2.73385769230769,0.196242736155542,0.0177401680729696,-39.7050346153846,15,1705358218.1,16:36:58,1705358218.1,1705358213.1,6,-0.006,0.004,2.811,0.275,420,20,0.33,0.04,0.589880142857143,-0.223985298701298,0.0426041972180986,1,2.71151764705882,0.394469058943964,0.185204560149976,1,0.379394714285714,0.0148248311688311,0.00230910061120191,1,3,3,"3/3",3.12496,2.72332,0.0897146,0.090027,0.0839503,0.0831584,24053.2,22305.2,23626.3,23862.9,36891.5,36192.3,42597.6,42526.3,1.85082,1.8485,0.0426471,0,24.2971,999.9,45.825,29.819,21.3559,55.0269,46.6066,1,-0.0363262,0.227206,20.2454,5.23481,11.992,4.9573,3.304,9999,9999,999.9,9999,1.86842,1.86403,1.87164,1.86247,1.86188,1.8684,1.85842,1.86493,5,0,0,0,11111111,"oooooooo","off","off","off","off",0,100,100,2.811,0.2477,1.63220988568771,0.00369010259108627,-2.33795300598267e-06,6.30664277223988e-10,0.0564988701004559,-0.00636665310988633,0.00124096907129474,-1.68717816838163e-05,5,2211,0,30,8.3,8.4,1.04126,2.3877,1.49902,2.32788,1.54419,2.2583,35.6845,24.2364,18,499.368,445.408,24.7748,27.0769,30.0001,26.9551,26.9844,20.8871,29.6526,70.7757,24.7733,420,18.0095,95.4696,99.1339
21,1705358724.1,807.099999904633,2024-01-15 16:45:24,16:45:24,5,"n","paul.lc.3.27","gibson",1705358720.9,0.00032150725575394,0.32150725575395,-0.654958894610123,420.585600819572,467.979685735775,42.3824986042841,38.0902615712723,0.0173406869301422,2.75149828060715,0.0172802013262239,0.0108055425502208,0,25.6265474096378,25.6265474096378,3.30040834987479,50.0799016048459,1.66156206250863,3.31782213874768,1.63884628736616,-14.1784699787492,13.1595170083865,1.01849914656756,-0.00045382379510883,-0.636458585778615,0.322048035354988,-0.654958894610123,427.670965633315,428.461678787879,0.00202500939659639,65.1180760844622,0.32150725575395,17.9675558106435,18.3462912087912,-1.71455893849274e-06,98.3074730551215,1,0,1,0,48101,"-","-",0,0,0,0,"-","-",0,0,0,0.5,0,0,0,0,0,0,"-",0,0,0,0,0,0,0,0,1,"None","None","None","None","None","None","None","None","None","None","None","None","None","None","None","None","None","None","None","None","None","None","None","None","None","None","None","None","None","None","None","None","None","None",0,0,0,0,6,0.5,"0: Broadleaf",2,TRUE,1705358720.9,420.5856,419.9844,18.34666,17.9673,417.7736,18.0989,500.0098,90.46476,0.10006556,25.71526,24.9986,999.9,0,0,9968.37,0,0.389493,0.6008484,428.4458,427.6684,0.379336,419.9844,17.9673,1.659726,1.62541,14.52482,14.20182,0,0,0,0,2.72932,0,-39.77764,-2.14398,33.5,38.5496,36.0372,37.5124,34.625,0,0,0,1705358739.2,0,2.74302692307692,0.246464959051069,-0.240512818749696,-39.7236769230769,15,1705358218.1,16:36:58,1705358218.1,1705358213.1,6,-0.006,0.004,2.811,0.275,420,20,0.33,0.04,0.58807535,-0.141989819548873,0.0404340549862056,1,2.72208823529412,0.0754102391211341,0.17785410538632,1,0.3800007,-0.00203801503759417,0.000979639887918,1,3,3,"3/3",3.12465,2.72308,0.0897198,0.090031,0.0839564,0.0831578,24052.9,22305.3,23626.1,23863.1,36891.1,36192.6,42597.5,42526.6,1.85067,1.84857,0.0428669,0,24.2971,999.9,45.825,29.839,21.3816,54.4669,47.0713,1,-0.036471,0.152693,20.2455,5.23421,11.992,4.95725,3.304,9999,9999,999.9,9999,1.86842,1.86402,1.87164,1.86247,1.86188,1.8684,1.8584,1.86493,5,0,0,0,11111111,"oooooooo","off","off","off","off",0,100,100,2.812,0.2478,1.63220988568771,0.00369010259108627,-2.33795300598267e-06,6.30664277223988e-10,0.0564988701004559,-0.00636665310988633,0.00124096907129474,-1.68717816838163e-05,5,2211,0,30,8.4,8.5,1.04004,2.36084,1.4978,2.32788,1.54419,2.43896,35.6845,24.2364,18,499.267,445.445,24.7713,27.0756,30,26.9537,26.9834,20.8866,29.6526,71.1497,24.781,420,18.0095,95.4692,99.1346
22,1705358729.1,812.099999904633,2024-01-15 16:45:29,16:45:29,5,"n","paul.lc.3.27","gibson",1705358725.9,0.00032549864781078,0.325498647810784,-0.636107928856689,420.600800790199,465.549330848365,42.1622739099284,38.0915297146622,0.0175623259311447,2.76126114558737,0.0175005057591629,0.0109433521723026,0,25.6248608241246,25.6248608241246,3.30007805740395,50.0889785350598,1.66177649862668,3.31764900628492,1.63830155877728,-14.3544903684556,13.3262820426591,1.02774621559974,-0.00046211019670572,-0.611417623849988,0.31997335252332,-0.636107928856689,427.718000416404,428.48406060606,0.00236920097868752,65.1180760844622,0.325498647810784,17.9675330626759,18.3509461538462,2.07159870796098e-06,98.3074730551215,1,0,1,0,48174,"-","-",0,0,0,0,"-","-",0,0,0,0.5,0,0,0,0,0,0,"-",0,0,0,0,0,0,0,0,1,"None","None","None","None","None","None","None","None","None","None","None","None","None","None","None","None","None","None","None","None","None","None","None","None","None","None","None","None","None","None","None","None","None","None",0,0,0,0,6,0.5,"0: Broadleaf",2,TRUE,1705358725.9,420.6008,420.0286,18.34908,17.97216,417.789,18.10126,500.0034,90.46484,0.09972774,25.71438,24.99428,999.9,0,0,10026.12,0,0.389493,0.5720154,428.4626,427.7158,0.3769062,420.0286,17.97216,1.659948,1.625848,14.52688,14.20602,0,0,0,0,2.75594,0,-39.77484,-2.1596,33.5,38.5496,36.0372,37.5,34.625,0,0,0,1705358744,0,2.72396923076923,-0.135063235062642,-0.397480347243694,-39.71685,15,1705358218.1,16:36:58,1705358218.1,1705358213.1,6,-0.006,0.004,2.811,0.275,420,20,0.33,0.04,0.576599190476191,-0.0690885974025978,0.037857666648368,1,2.72427647058824,-0.102032082357274,0.187448565586628,1,0.379300380952381,-0.0120509610389611,0.0035298499830013,1,3,3,"3/3",3.12483,2.7235,0.0897286,0.0900337,0.0839619,0.0832591,24052.7,22305.4,23626.2,23863.3,36890.9,36188.9,42597.5,42527,1.85082,1.8487,0.0418648,0,24.2971,999.9,45.849,29.819,21.3685,54.1169,46.7428,1,-0.0365828,0.150419,20.2456,5.23421,11.992,4.95735,3.304,9999,9999,999.9,9999,1.86841,1.86403,1.87165,1.86246,1.86188,1.86841,1.8584,1.86493,5,0,0,0,11111111,"oooooooo","off","off","off","off",0,100,100,2.812,0.2478,1.63220988568771,0.00369010259108627,-2.33795300598267e-06,6.30664277223988e-10,0.0564988701004559,-0.00636665310988633,0.00124096907129474,-1.68717816838163e-05,5,2211,0,30,8.5,8.6,1.04126,2.37427,1.4978,2.32788,1.54419,2.35962,35.6845,24.2364,18,499.35,445.503,24.7773,27.0733,29.9999,26.9529,26.9811,20.8868,29.6526,71.1497,24.7811,420,18.0095,95.4694,99.1355
23,1705358734.1,817.099999904633,2024-01-15 16:45:34,16:45:34,5,"n","paul.lc.3.27","gibson",1705358730.9,0.00030691454359003,0.306914543590039,-0.534857508752778,420.625000671934,459.366048070733,41.6026540877531,38.0940569663539,0.0165595840745302,2.75412701697792,0.0165044679439601,0.0103202290607425,0,25.6272087522856,25.6272087522856,3.30053787179281,50.1197398803148,1.66254464246544,3.31714539308379,1.63799322932737,-13.5349313723207,12.5631200057548,0.971398540688582,-0.00041282587733171,-0.654390203495376,0.296092581821532,-0.534857508752778,427.698390598106,428.449345454545,-0.0205357183850854,65.1180760844622,0.306914543590039,18.0025298250773,18.3639714285714,1.16821577127332e-05,98.3074730551215,1,0,1,0,47837,"-","-",0,0,0,0,"-","-",0,0,0,0.5,0,0,0,0,0,0,"-",0,0,0,0,0,0,0,0,1,"None","None","None","None","None","None","None","None","None","None","None","None","None","None","None","None","None","None","None","None","None","None","None","None","None","None","None","None","None","None","None","None","None","None",0,0,0,0,6,0.5,"0: Broadleaf",2,TRUE,1705358730.9,420.625,419.9892,18.3574,18.00862,417.8132,18.10942,500.0122,90.46506,0.1003056,25.71182,24.99484,999.9,0,0,9983.87,0,0.389493,0.6357786,428.4908,427.691,0.3487994,419.9892,18.00862,1.660706,1.629148,14.53392,14.23734,0,0,0,0,2.70098,0,-39.7524,-2.15424,33.5,38.5496,36.0248,37.5,34.6374,0,0,0,1705358749.4,0,2.722592,0.252684619524285,-0.423523072793931,-39.771956,15,1705358218.1,16:36:58,1705358218.1,1705358213.1,6,-0.006,0.004,2.811,0.275,420,20,0.33,0.04,0.58437495,0.332328225563909,0.0451475040666425,1,2.73035588235294,-0.129578299568076,0.165456274997312,1,0.3709411,-0.123856421052631,0.0147462669781203,0,2,3,"2/3",3.12493,2.72305,0.0897219,0.0900221,0.0840249,0.0833301,24053,22306.1,23626.3,23863.7,36888.4,36186.5,42597.6,42527.4,1.8511,1.84845,0.0432394,0,24.2963,999.9,45.898,29.819,21.3936,54.7269,46.7748,1,-0.0366946,0.119014,20.2458,5.23451,11.992,4.9574,3.304,9999,9999,999.9,9999,1.86841,1.86401,1.87166,1.86248,1.86189,1.86837,1.85841,1.86493,5,0,0,0,11111111,"oooooooo","off","off","off","off",0,100,100,2.812,0.2482,1.63220988568771,0.00369010259108627,-2.33795300598267e-06,6.30664277223988e-10,0.0564988701004559,-0.00636665310988633,0.00124096907129474,-1.68717816838163e-05,5,2211,0,30,8.6,8.7,1.04126,2.38525,1.49902,2.32788,1.54419,2.229,35.6845,24.2276,18,499.5,445.347,24.7828,27.0718,29.9998,26.9509,26.9804,20.8886,29.6526,71.1497,24.7887,420,18.0095,95.4696,99.1368
24,1705358739.1,822.099999904633,2024-01-15 16:45:39,16:45:39,5,"n","paul.lc.3.27","gibson",1705358735.9,0.00030885638687405,0.308856386874052,-0.392777053029676,420.478400492148,445.4055436803,40.3385770538515,38.0810266023704,0.0166762039313573,2.75353034629564,0.0166202981097948,0.0103926935328929,0,25.6291564462321,25.6291564462321,3.30091934744102,50.1578951493743,1.66405698925904,3.31763720208622,1.63686235818198,-13.6205666611457,12.6423871658963,0.977761255794124,-0.0004182394552803,-0.541336903044304,0.302767658563081,-0.392777053029676,427.680516810666,428.296072727273,-0.0286015599504213,65.1180760844622,0.308856386874052,18.0183710623058,18.3819901098901,2.37073740039876e-05,98.3074730551215,1,0,1,0,47980,"-","-",0,0,0,0,"-","-",0,0,0,0.5,0,0,0,0,0,0,"-",0,0,0,0,0,0,0,0,1,"None","None","None","None","None","None","None","None","None","None","None","None","None","None","None","None","None","None","None","None","None","None","None","None","None","None","None","None","None","None","None","None","None","None",0,0,0,0,6,0.5,"0: Broadleaf",2,TRUE,1705358735.9,420.4784,419.9816,18.37398,18.01736,417.6668,18.12566,500.0358,90.46594,0.10001192,25.71432,24.99992,999.9,0,0,9980.246,0,0.389493,0.4967772,428.3488,427.6872,0.3566174,419.9816,18.01736,1.66222,1.629958,14.54804,14.24498,0,0,0,0,2.6929,0,-39.68464,-2.16044,33.4874,38.5372,36.0124,37.5124,34.625,0,0,0,1705358754.2,0,2.69558,0.0966384643438578,0.542392311841886,-39.735372,15,1705358218.1,16:36:58,1705358218.1,1705358213.1,6,-0.006,0.004,2.811,0.275,420,20,0.33,0.04,0.575510571428571,-0.24137922077922,0.0651441661237534,1,2.70683529411765,-0.00819862254125954,0.159563625300477,1,0.36567580952381,-0.10766587012987,0.0144713773511684,0,2,3,"2/3",3.12468,2.72326,0.0897112,0.0900354,0.0840711,0.0833304,24053.5,22306.1,23626.5,23864,36887.3,36187,42598.4,42528,1.85087,1.8487,0.042513,0,24.295,999.9,45.898,29.839,21.4181,54.7369,46.9912,1,-0.0371443,0.163883,20.2457,5.23436,11.992,4.9575,3.304,9999,9999,999.9,9999,1.86843,1.86404,1.87164,1.86249,1.86189,1.86836,1.85843,1.86493,5,0,0,0,11111111,"oooooooo","off","off","off","off",0,100,100,2.812,0.2485,1.63220988568771,0.00369010259108627,-2.33795300598267e-06,6.30664277223988e-10,0.0564988701004559,-0.00636665310988633,0.00124096907129474,-1.68717816838163e-05,5,2211,0,30,8.7,8.8,1.04004,2.36084,1.4978,2.32788,1.54419,2.38281,35.7078,24.2451,18,499.356,445.485,24.7868,27.0706,29.9999,26.9497,26.9789,20.8856,29.6526,71.1497,24.7829,420,18.0095,95.4712,99.1382
25,1705359321.1,1404.09999990463,2024-01-15 16:55:21,16:55:21,5,"n","brit.lh.4.16","gibson",1705359318.1,0.00041920120022939,0.419201200229391,-1.34164868991407,421.223601680009,502.615154581922,45.5545117691076,38.1775904391881,0.0226558510943203,2.75758916883765,0.0225529491409173,0.0141047994694958,0,25.6281105098574,25.6281105098574,3.30071448538728,50.0142141868961,1.66216748808584,3.32339019038579,1.63854699730144,-18.4867729301162,17.1605730103799,1.32543148562016,-0.0007684341160612,-1.18749967704959,0.418757375060605,-1.34164868991407,427.607885091786,429.139563636364,0.0230808719786861,63.8533266592885,0.419201200229391,17.8458398086081,18.3393684848485,3.11441505661336e-05,103.114642114345,3,1,1,0,47932,"-","-",0,0,0,0,"-","-",0,0,0,0.5,0,0,0,0,0,0,"-",0,0,0,0,0,0,0,0,1,"None","None","None","None","None","None","None","None","None","None","None","None","None","None","None","None","None","None","None","None","None","None","None","None","None","None","None","None","None","None","None","None","None","None",0,0,0,0,6,0.5,"0: Broadleaf",2,TRUE,1705359318.1,421.2236,420.0104,18.33914,17.8459,418.3896,18.0958,500.054,90.53504,0.0999346,25.74354,24.98956,999.9,0,0,9996.616,0,0.4673914,1.212914,429.0926,427.6422,0.4932404,420.0104,17.8459,1.660336,1.61568,14.53048,14.10918,0,0,0,0,2.75,0,-39.93632,-2.1571,33.3998,38.437,35.937,37.437,34.562,0,0,0,1705359336.2,0,2.719932,0.489230771073926,-0.231892309934651,-39.958896,15,1705358884.1,16:48:04,1705358868.1,1705358884.1,7,0.021,-0.004,2.83,0.259,419,19,0.16,0.06,1.2423119047619,-0.235951948051947,0.0449121135021391,1,2.71538235294118,0.0337112343963641,0.148032725854371,1,0.494368238095238,-0.0200008831168826,0.00253552740648271,1,3,3,"3/3",3.12474,2.72322,0.0899114,0.0901199,0.0840193,0.0828276,24052.6,22306.5,23630.5,23866.4,36894.5,36210,42604.2,42531.6,1.84813,1.8504,0.0409186,0,24.3237,999.9,46.093,29.769,21.4039,54.557,46.7829,1,-0.0427261,0.125714,20.246,5.23511,11.992,4.95745,3.304,9999,9999,999.9,9999,1.86844,1.86402,1.87165,1.86242,1.86188,1.86837,1.85844,1.86493,5,0,0,0,11111111,"oooooooo","off","off","off","off",0,100,100,2.834,0.2433,1.65303248969437,0.00369010259108627,-2.33795300598267e-06,6.30664277223988e-10,0.0521907583732063,-0.00636665310988633,0.00124096907129474,-1.68717816838163e-05,5,2211,0,30,7.5,7.3,1.04004,2.37915,1.4978,2.32788,1.54419,2.29492,35.6613,24.2364,18,496.994,445.781,24.8363,26.9925,30,26.8582,26.8863,20.8805,30.878,71.3484,24.8394,420,17.8319,95.4853,99.147
26,1705359326.1,1409.09999990463,2024-01-15 16:55:26,16:55:26,5,"n","brit.lh.4.16","gibson",1705359322.9,0.00041708018523349,0.4170801852335,-1.19300100429698,421.250801488574,492.698468513879,44.6551398949843,38.179565542564,0.0225351286273199,2.75758810462411,0.0224333176862939,0.0140299324053314,0,25.6293345554884,25.6293345554884,3.30095423387055,50.0080747474623,1.66202651276553,3.32351629443578,1.63892772110502,-18.3932361687973,17.0737380234076,1.31873746353589,-0.00076068185383704,-1.22910219834571,0.417484718554944,-1.19300100429698,427.635855209336,429.104866666667,-0.00242069420210404,63.8533266592885,0.4170801852335,17.8459194944795,18.3374333333333,-1.99928548245124e-05,103.114642114345,3,1,1,0,48102,"-","-",0,0,0,0,"-","-",0,0,0,0.5,0,0,0,0,0,0,"-",0,0,0,0,0,0,0,0,1,"None","None","None","None","None","None","None","None","None","None","None","None","None","None","None","None","None","None","None","None","None","None","None","None","None","None","None","None","None","None","None","None","None","None",0,0,0,0,6,0.5,"0: Broadleaf",2,TRUE,1705359322.9,421.2508,419.9868,18.33782,17.84598,418.4168,18.09448,499.954,90.53386,0.09995104,25.74418,24.99944,999.9,0,0,9996.74,0,0.4576542,1.263888,429.12,427.6182,0.4918054,419.9868,17.84598,1.660194,1.615668,14.52914,14.10906,0,0,0,0,2.71592,0,-39.89438,-2.12224,33.4122,38.437,35.937,37.437,34.562,0,0,0,1705359341,0,2.757496,-0.146261542575609,0.293615390719595,-39.961112,15,1705358884.1,16:48:04,1705358868.1,1705358884.1,7,0.021,-0.004,2.83,0.259,419,19,0.16,0.06,1.232805,0.18315969924812,0.035970001737559,1,2.73624705882353,0.526829639893853,0.143726939296656,1,0.4926667,-0.00608445112781964,0.00110029242022291,1,3,3,"3/3",3.12474,2.72326,0.089905,0.0901107,0.0840162,0.0828277,24052.3,22306.6,23630,23866.1,36894.3,36209.7,42603.9,42531.3,1.84818,1.85067,0.0412986,0,24.325,999.9,46.093,29.769,21.4058,54.117,46.867,1,-0.0425407,0.119589,20.246,5.23481,11.992,4.95765,3.304,9999,9999,999.9,9999,1.86844,1.86403,1.87166,1.86243,1.86189,1.86839,1.85843,1.86493,5,0,0,0,11111111,"oooooooo","off","off","off","off",0,100,100,2.834,0.2434,1.65303248969437,0.00369010259108627,-2.33795300598267e-06,6.30664277223988e-10,0.0521907583732063,-0.00636665310988633,0.00124096907129474,-1.68717816838163e-05,5,2211,0,30,7.6,7.4,1.04126,2.36938,1.4978,2.32788,1.54419,2.3938,35.6613,24.2451,18,497.026,445.947,24.8426,26.9932,30.0002,26.8585,26.8863,20.8814,30.878,71.3484,24.8449,420,17.8319,95.4842,99.1462
27,1705359331.1,1414.09999990463,2024-01-15 16:55:31,16:55:31,5,"n","brit.lh.4.16","gibson",1705359327.9,0.00041728239280345,0.417282392803455,-1.26023762878972,421.24740157405,497.375258747302,45.0792275368245,38.1794372174442,0.0225457218401874,2.76177925471154,0.0224439692877653,0.0140365844721816,0,25.6291607307716,25.6291607307716,3.30092018665407,50.0071223874593,1.66196727147807,3.32346112339961,1.638952915176,-18.4021535226324,17.0838789676654,1.31751528021595,-0.00075927475100812,-1.23388634001594,0.416886047524336,-1.26023762878972,427.603885339716,429.131781818182,0.00251730734954352,63.8533266592885,0.417282392803455,17.8459251983818,18.337403030303,3.84044570329037e-06,103.114642114345,2,0,1,0,47935,"-","-",0,0,0,0,"-","-",0,0,0,0.5,0,0,0,0,0,0,"-",0,0,0,0,0,0,0,0,1,"None","None","None","None","None","None","None","None","None","None","None","None","None","None","None","None","None","None","None","None","None","None","None","None","None","None","None","None","None","None","None","None","None","None",0,0,0,0,6,0.5,"0: Broadleaf",2,TRUE,1705359327.9,421.2474,419.9776,18.33708,17.84604,418.4134,18.09378,500.0508,90.5343,0.09993792,25.7439,25.00296,999.9,0,0,10021.496,0,0.4687828,1.26988,429.1164,427.609,0.4910356,419.9776,17.84604,1.660138,1.61568,14.52862,14.10914,0,0,0,0,2.72192,0,-40.11078,-2.12046,33.3998,38.437,35.937,37.437,34.562,0,0,0,1705359346.4,0,2.75768461538462,-0.0362666672452275,-1.25635213101354,-40.0290346153846,15,1705358884.1,16:48:04,1705358868.1,1705358884.1,7,0.021,-0.004,2.83,0.259,419,19,0.16,0.06,1.24423380952381,0.148161818181818,0.034222269618897,1,2.75274411764706,-0.286293354167376,0.15139964875081,1,0.492013523809524,-0.00388090909090893,0.00092976549112167,1,3,3,"3/3",3.12472,2.72334,0.0899002,0.090106,0.0840197,0.082829,24052.5,22306.7,23630.1,23866.1,36894.2,36209.7,42603.9,42531.4,1.84857,1.85025,0.0415333,0,24.3257,999.9,46.118,29.779,21.429,54.367,46.9952,1,-0.0424949,0.172296,20.2459,5.23481,11.992,4.9574,3.304,9999,9999,999.9,9999,1.86844,1.86402,1.87166,1.86244,1.86188,1.8684,1.85843,1.86493,5,0,0,0,11111111,"oooooooo","off","off","off","off",0,100,100,2.834,0.2434,1.65303248969437,0.00369010259108627,-2.33795300598267e-06,6.30664277223988e-10,0.0521907583732063,-0.00636665310988633,0.00124096907129474,-1.68717816838163e-05,5,2211,0,30,7.7,7.5,1.04126,2.38892,1.49902,2.32788,1.54419,2.24365,35.6613,24.2364,18,497.281,445.69,24.8436,26.9932,30.0001,26.8605,26.8863,20.884,30.878,71.3484,24.8374,420,17.8319,95.4843,99.1463
28,1705359336.1,1419.09999990463,2024-01-15 16:55:36,16:55:36,5,"n","brit.lh.4.16","gibson",1705359332.9,0.00041909184719511,0.419091847195114,-1.3814527528513,421.25400172413,505.420509536439,45.8086131175314,38.1802107850578,0.0226581400556267,2.75800611904162,0.0225552328427946,0.0141062272556502,0,25.6252765760079,25.6252765760079,3.30015947349145,50.0239417818088,1.66220692991928,3.32282277388173,1.63795254357217,-18.4819504613045,17.1563181472672,1.32486450786699,-0.0007678061702947,-1.24058679321235,0.418102247604254,-1.3814527528513,427.60182499794,429.173496969697,0.0249864207736298,63.8533266592885,0.419091847195114,17.8470630681363,18.34052,3.30606149390585e-05,103.114642114345,3,1,1,0,48079,"-","-",0,0,0,0,"-","-",0,0,0,0.5,0,0,0,0,0,0,"-",0,0,0,0,0,0,0,0,1,"None","None","None","None","None","None","None","None","None","None","None","None","None","None","None","None","None","None","None","None","None","None","None","None","None","None","None","None","None","None","None","None","None","None",0,0,0,0,6,0.5,"0: Broadleaf",2,TRUE,1705359332.9,421.254,419.9766,18.33964,17.8471,418.4202,18.09626,499.981,90.53466,0.09999422,25.74066,25.00006,999.9,0,0,9999.124,0,0.4715646,1.277466,429.1238,427.6082,0.4925232,419.9766,17.8471,1.660374,1.615782,14.53082,14.11012,0,0,0,0,2.80986,0,-40.1678,-2.10818,33.4122,38.437,35.937,37.437,34.562,0,0,0,1705359351.2,0,2.77398846153846,0.119340173444432,-0.960235896606449,-40.0641884615385,15,1705358884.1,16:48:04,1705358868.1,1705358884.1,7,0.021,-0.004,2.83,0.259,419,19,0.16,0.06,1.2520905,0.213026616541352,0.0350651096497644,1,2.74555588235294,0.0470572967691751,0.165578341492118,1,0.49221995,-0.00300897744360862,0.00095703999263353,1,3,3,"3/3",3.12481,2.72327,0.0899219,0.0901185,0.0840258,0.0828359,24051.9,22306.4,23630,23866.1,36893.7,36209.6,42603.6,42531.5,1.84808,1.85058,0.0407733,0,24.3257,999.9,46.093,29.769,21.4022,54.227,46.7308,1,-0.0424771,0.182497,20.2459,5.23466,11.992,4.95745,3.304,9999,9999,999.9,9999,1.86843,1.86402,1.87166,1.86244,1.86188,1.86838,1.85842,1.86493,5,0,0,0,11111111,"oooooooo","off","off","off","off",0,100,100,2.834,0.2434,1.65303248969437,0.00369010259108627,-2.33795300598267e-06,6.30664277223988e-10,0.0521907583732063,-0.00636665310988633,0.00124096907129474,-1.68717816838163e-05,5,2211,0,30,7.8,7.5,1.04004,2.35596,1.4978,2.32788,1.54419,2.40845,35.638,24.2451,18,496.982,445.887,24.8367,26.9932,30.0002,26.8605,26.8863,20.8821,30.878,71.3484,24.8329,420,17.8319,95.4838,99.1466
29,1705359341.1,1424.09999990463,2024-01-15 16:55:41,16:55:41,5,"n","brit.lh.4.16","gibson",1705359337.9,0.00041572495282581,0.415724952825815,-1.2373404049166,421.308601552825,496.126327509927,44.9683613357643,38.1869624286648,0.0224695141268993,2.75554434033975,0.0223682190529527,0.0139891996879728,0,25.6274887417238,25.6274887417238,3.30059270819868,50.0177922970528,1.66213858006956,3.32309465039602,1.63845412812913,-18.3334704196184,17.0173805624843,1.31533307773621,-0.00075677939794616,-1.26144658362538,0.417057710251754,-1.2373404049166,427.639283443952,429.164309090909,-0.00286591711869547,63.8533266592885,0.415724952825815,17.8467451575944,18.3367072727273,-3.61144339598086e-05,103.114642114345,3,1,1,0,47886,"-","-",0,0,0,0,"-","-",0,0,0,0.5,0,0,0,0,0,0,"-",0,0,0,0,0,0,0,0,1,"None","None","None","None","None","None","None","None","None","None","None","None","None","None","None","None","None","None","None","None","None","None","None","None","None","None","None","None","None","None","None","None","None","None",0,0,0,0,6,0.5,"0: Broadleaf",2,TRUE,1705359337.9,421.3086,420.0058,18.33802,17.84676,418.4746,18.09468,500.0322,90.53884,0.10009376,25.74204,24.99418,999.9,0,0,9984.108,0,0.4646094,1.302784,429.179,427.6378,0.4912742,420.0058,17.84676,1.660302,1.615824,14.53018,14.11052,0,0,0,0,2.7243,0,-40.05154,-2.14972,33.4122,38.437,35.937,37.437,34.562,0,0,0,1705359356,0,2.75936538461539,0.46524786883339,0.817805125331987,-40.0837153846154,15,1705358884.1,16:48:04,1705358868.1,1705358884.1,7,0.021,-0.004,2.83,0.259,419,19,0.16,0.06,1.26999095238095,0.185872987012987,0.0308051332928168,1,2.77493823529412,0.027943468923062,0.169545144109182,1,0.491802333333333,-0.00110275324675231,0.00080889732901579,1,3,3,"3/3",3.12474,2.72309,0.0899223,0.0901255,0.0840198,0.0828341,24052.3,22306.4,23630.5,23866.4,36894.1,36210.2,42603.9,42532.1,1.84855,1.85043,0.0406317,0,24.3257,999.9,46.118,29.769,21.4154,54.567,47.0753,1,-0.0423704,0.153467,20.2459,5.23511,11.992,4.95735,3.304,9999,9999,999.9,9999,1.86841,1.86402,1.87166,1.86243,1.86189,1.86837,1.85844,1.86493,5,0,0,0,11111111,"oooooooo","off","off","off","off",0,100,100,2.834,0.2433,1.65303248969437,0.00369010259108627,-2.33795300598267e-06,6.30664277223988e-10,0.0521907583732063,-0.00636665310988633,0.00124096907129474,-1.68717816838163e-05,5,2211,0,30,7.9,7.6,1.04126,2.38159,1.49902,2.32788,1.54419,2.29614,35.6845,24.2364,18,497.266,445.796,24.8339,26.9955,30.0002,26.8605,26.8863,20.8813,30.878,71.3484,24.8364,420,17.8319,95.4848,99.1478
30,1705359346.1,1429.09999990463,2024-01-15 16:55:46,16:55:46,5,"n","brit.lh.4.16","gibson",1705359342.9,0.00041606356997819,0.416063569978193,-1.25721928489722,421.307001579359,497.45720393129,45.0885594094043,38.1864522619975,0.0224866718810802,2.75316144949251,0.022385135049318,0.0139997937538471,0,25.6271833299446,25.6271833299446,3.30053289282366,50.0139058683857,1.66199760597508,3.32307100818863,1.63853528684858,-18.3484034360383,17.0301849545814,1.31745925116598,-0.0007592302909849,-1.24410214286598,0.416198681878073,-1.25721928489722,427.663105069501,429.189224242424,0.00211303288296115,63.8533266592885,0.416063569978193,17.8462977423083,18.3364351515151,-7.51418512647921e-06,103.114642114345,3,1,1,0,47905,"-","-",0,0,0,0,"-","-",0,0,0,0.5,0,0,0,0,0,0,"-",0,0,0,0,0,0,0,0,1,"None","None","None","None","None","None","None","None","None","None","None","None","None","None","None","None","None","None","None","None","None","None","None","None","None","None","None","None","None","None","None","None","None","None",0,0,0,0,6,0.5,"0: Broadleaf",2,TRUE,1705359342.9,421.307,420.0246,18.33664,17.8464,418.473,18.09332,500.0412,90.53802,0.10004706,25.74192,24.98962,999.9,0,0,9970.122,0,0.474347,1.28241,429.1766,427.6566,0.490252,420.0246,17.8464,1.660164,1.615776,14.52888,14.11006,0,0,0,0,2.80986,0,-40.02026,-2.14706,33.4122,38.437,35.937,37.4496,34.562,0,0,0,1705359361.4,0,2.796412,0.354392309085556,0.31061538082686,-40.039156,15,1705358884.1,16:48:04,1705358868.1,1705358884.1,7,0.021,-0.004,2.83,0.259,419,19,0.16,0.06,1.275714,0.113227669172934,0.0260013690793389,1,2.76737058823529,0.303064937565084,0.15672947380272,1,0.4913634,-0.0051928421052638,0.00102415225430597,1,3,3,"3/3",3.12481,2.72318,0.0899211,0.0901183,0.0840212,0.0828334,24052.2,22306.5,23630.3,23866.3,36894,36210.2,42603.8,42532.1,1.84822,1.85075,0.0402629,0,24.3257,999.9,46.118,29.769,21.4148,55.027,46.6627,1,-0.0424238,0.135575,20.2458,5.23496,11.992,4.95755,3.304,9999,9999,999.9,9999,1.86841,1.86403,1.87166,1.86241,1.86188,1.86839,1.85846,1.86493,5,0,0,0,11111111,"oooooooo","off","off","off","off",0,100,100,2.834,0.2433,1.65303248969437,0.00369010259108627,-2.33795300598267e-06,6.30664277223988e-10,0.0521907583732063,-0.00636665310988633,0.00124096907129474,-1.68717816838163e-05,5,2211,0,30,8,7.7,1.04004,2.36938,1.4978,2.32788,1.54419,2.38037,35.6613,24.2364,18,497.071,446.01,24.8377,26.9955,30.0001,26.8605,26.8885,20.8825,30.878,71.3484,24.8412,420,17.8319,95.4845,99.1477
31,1705359351.1,1434.09999990463,2024-01-15 16:55:51,16:55:51,5,"n","brit.lh.4.16","gibson",1705359347.9,0.00041736098070548,0.417360980705486,-1.23714740136656,421.287201546079,495.737128959614,44.9324696339397,38.1844999795824,0.022562422645456,2.75395870405545,0.0224602316939539,0.0140467875623625,0,25.6254963598264,25.6254963598264,3.3002025141464,50.0197507815711,1.66205781629711,3.32280307344007,1.63814469784929,-18.4056192491119,17.0836622371551,1.32119345578682,-0.00076355616995726,-1.25504242913084,0.417080848244989,-1.23714740136656,427.62522805559,429.142727272727,-0.00127763342311127,63.8533266592885,0.417360980705486,17.8461235040675,18.3377163636364,7.5817001896045e-06,103.114642114345,3,1,1,0,48132,"-","-",0,0,0,0,"-","-",0,0,0,0.5,0,0,0,0,0,0,"-",0,0,0,0,0,0,0,0,1,"None","None","None","None","None","None","None","None","None","None","None","None","None","None","None","None","None","None","None","None","None","None","None","None","None","None","None","None","None","None","None","None","None","None",0,0,0,0,6,0.5,"0: Broadleaf",2,TRUE,1705359347.9,421.2872,419.992,18.33738,17.84606,418.4532,18.09404,499.9992,90.53766,0.10003286,25.74056,24.9948,999.9,0,0,9974.87,0,0.4715646,1.295214,429.1568,427.6234,0.4912854,419.992,17.84606,1.660224,1.615742,14.52944,14.10978,0,0,0,0,2.76344,0,-40.11816,-2.15684,33.3998,38.437,35.937,37.437,34.562,0,0,0,1705359366.2,0,2.776052,-0.0856923064604787,0.277923071173578,-40.007864,15,1705358884.1,16:48:04,1705358868.1,1705358884.1,7,0.021,-0.004,2.83,0.259,419,19,0.16,0.06,1.28356,0.0794127272727301,0.0234517571684024,1,2.80392941176471,0.00436669337271155,0.142386953156059,1,0.491482142857143,-0.00505075324675306,0.00097007477795783,1,3,3,"3/3",3.12468,2.72318,0.0899198,0.090111,0.0840199,0.0828297,24052.1,22306.8,23630.2,23866.4,36894.1,36210.2,42603.9,42532,1.8483,1.85078,0.040736,0,24.3255,999.9,46.118,29.769,21.4174,54.737,46.9952,1,-0.0423984,0.113102,20.2457,5.23526,11.992,4.95745,3.304,9999,9999,999.9,9999,1.86843,1.86402,1.87169,1.86244,1.86188,1.8684,1.85844,1.86493,5,0,0,0,11111111,"oooooooo","off","off","off","off",0,100,100,2.834,0.2433,1.65303248969437,0.00369010259108627,-2.33795300598267e-06,6.30664277223988e-10,0.0521907583732063,-0.00636665310988633,0.00124096907129474,-1.68717816838163e-05,5,2211,0,30,8.1,7.8,1.04126,2.37183,1.49902,2.32788,1.54419,2.3584,35.6613,24.2364,18,497.116,446.025,24.8445,26.9955,30.0001,26.8605,26.8885,20.8835,30.878,71.3484,24.8493,420,17.8319,95.4843,99.1476
32,1705359356.1,1439.09999990463,2024-01-15 16:55:56,16:55:56,5,"n","brit.lh.4.16","gibson",1705359352.9,0.00041574010359154,0.415740103591544,-1.20727802769911,421.267401491912,493.98884051283,44.7726180363676,38.1815193205374,0.022462719613509,2.76637374976721,0.0223618800181809,0.0139851971985131,0,25.6289410225147,25.6289410225147,3.30087715262287,50.0097973685384,1.66197537374586,3.32329955568151,1.63890177887701,-18.3341385683871,17.0227717473249,1.31061547337936,-0.0007513476828187,-1.22693450985772,0.41656834651274,-1.20727802769911,427.625052280966,429.109763636364,-0.00205896444149947,63.8533266592885,0.415740103591544,17.8462796540361,18.3361715151515,-1.69210594097245e-05,103.114642114345,3,1,1,0,48318,"-","-",0,0,0,0,"-","-",0,0,0,0.5,0,0,0,0,0,0,"-",0,0,0,0,0,0,0,0,1,"None","None","None","None","None","None","None","None","None","None","None","None","None","None","None","None","None","None","None","None","None","None","None","None","None","None","None","None","None","None","None","None","None","None",0,0,0,0,6,0.5,"0: Broadleaf",2,TRUE,1705359352.9,421.2674,420.0056,18.33704,17.8463,418.4336,18.0937,499.9752,90.53528,0.09959748,25.74308,24.99584,999.9,0,0,10048.62,0,0.457654,1.261956,429.1368,427.6374,0.4907154,420.0056,17.8463,1.660148,1.61572,14.52874,14.10956,0,0,0,0,2.71702,0,-40.03238,-2.14628,33.4122,38.437,35.937,37.437,34.562,0,0,0,1705359371,0,2.733744,-1.03317691919139,0.663015375462113,-39.980064,15,1705358884.1,16:48:04,1705358868.1,1705358884.1,7,0.021,-0.004,2.83,0.259,419,19,0.16,0.06,1.282989,-0.110822255639098,0.0305781524785262,1,2.76114117647059,-0.635318563278387,0.151781425891559,1,0.49099635,-0.00148479699248114,0.00087339917992862,1,3,3,"3/3",3.12468,2.7237,0.0899117,0.0901251,0.0840181,0.0828358,24052.3,22306.4,23630.2,23866.3,36894.3,36210,42604,42532,1.84822,1.85055,0.0412054,0,24.3237,999.9,46.118,29.769,21.416,54.507,46.9071,1,-0.0423399,0.127587,20.2456,5.23556,11.992,4.9575,3.304,9999,9999,999.9,9999,1.86844,1.86404,1.87167,1.86245,1.86188,1.8684,1.85843,1.86493,5,0,0,0,11111111,"oooooooo","off","off","off","off",0,100,100,2.834,0.2433,1.65303248969437,0.00369010259108627,-2.33795300598267e-06,6.30664277223988e-10,0.0521907583732063,-0.00636665310988633,0.00124096907129474,-1.68717816838163e-05,5,2211,0,30,8.1,7.9,1.04126,2.38403,1.49902,2.32788,1.54419,2.24121,35.638,24.2276,18,497.071,445.889,24.8514,26.9965,30.0002,26.8605,26.8885,20.8797,30.878,71.3484,24.8516,420,17.8319,95.4845,99.1475
33,1705359361.1,1444.09999990463,2024-01-15 16:56:01,16:56:01,5,"n","brit.lh.4.16","gibson",1705359357.9,0.00041650351408376,0.416503514083768,-1.21342461887048,421.263001506232,494.254868733356,44.7972409956751,38.1815565103051,0.0225062059742829,2.76087893128297,0.0224047760219251,0.0140120598724699,0,25.6288001824554,25.6288001824554,3.30084956668251,50.0116109359391,1.66206323477548,3.3233547243748,1.63878633190704,-18.3678049710942,17.0515993288248,1.31544874309933,-0.00075689917006371,-1.22197653357295,0.416467167477093,-1.21342461887048,427.661438656575,429.140612121212,0.00071942733469007,63.8533266592885,0.416503514083768,17.847481602544,18.338056969697,6.29805179155109e-06,103.114642114345,3,1,1,0,48259,"-","-",0,0,0,0,"-","-",0,0,0,0.5,0,0,0,0,0,0,"-",0,0,0,0,0,0,0,0,1,"None","None","None","None","None","None","None","None","None","None","None","None","None","None","None","None","None","None","None","None","None","None","None","None","None","None","None","None","None","None","None","None","None","None",0,0,0,0,6,0.5,"0: Broadleaf",2,TRUE,1705359357.9,421.263,420.0072,18.3378,17.84722,418.429,18.09444,500.0164,90.53586,0.10005242,25.74336,25.00008,999.9,0,0,10015.992,0,0.4743466,1.255596,429.1326,427.6398,0.4905634,420.0072,17.84722,1.660228,1.615812,14.52948,14.11046,0,0,0,0,2.78046,0,-40.23714,-2.1338,33.4122,38.4496,35.937,37.437,34.562,0,0,0,1705359376.4,0,2.71699615384615,-0.428864952210711,-0.494492317242841,-40.0151884615385,15,1705358884.1,16:48:04,1705358868.1,1705358884.1,7,0.021,-0.004,2.83,0.259,419,19,0.16,0.06,1.27202476190476,-0.103982337662339,0.0354907829240545,1,2.74344705882353,-0.419294115937633,0.154856605844576,1,0.490815095238095,-0.0006982597402587,0.00082271663262411,1,3,3,"3/3",3.12482,2.72327,0.0899198,0.090111,0.0840215,0.0828362,24052.3,22306.4,23630.4,23866,36894.4,36209.6,42604.2,42531.5,1.84822,1.85047,0.0408962,0,24.3229,999.9,46.118,29.769,21.4159,53.977,46.7708,1,-0.0423095,0.133941,20.2458,5.23556,11.992,4.95745,3.304,9999,9999,999.9,9999,1.86843,1.86405,1.87169,1.86245,1.86188,1.86841,1.85849,1.86493,5,0,0,0,11111111,"oooooooo","off","off","off","off",0,100,100,2.834,0.2434,1.65303248969437,0.00369010259108627,-2.33795300598267e-06,6.30664277223988e-10,0.0521907583732063,-0.00636665310988633,0.00124096907129474,-1.68717816838163e-05,5,2211,0,30,8.2,8,1.04004,2.35962,1.4978,2.32788,1.54419,2.41577,35.6613,24.2451,18,497.071,445.844,24.8541,26.9978,30.0002,26.8605,26.8885,20.8812,30.878,71.3484,24.8535,420,17.8319,95.4852,99.1464
34,1705359366.1,1449.09999990463,2024-01-15 16:56:06,16:56:06,5,"n","brit.lh.4.16","gibson",1705359362.9,0.00041805838103781,0.418058381037811,-1.39983458537712,421.328401746176,507.031176709718,45.9557969626088,38.1879524862295,0.0225985714570183,2.76007722920588,0.0224962797425654,0.01406932663143,0,25.6266813712327,25.6266813712327,3.30043458548141,50.0205833434192,1.66219782245778,3.32302766452336,1.63823676302362,-18.4363746037675,17.1149195962972,1.32069204266919,-0.00076296480106563,-1.29621246887985,0.417248093284292,-1.39983458537712,427.603442238394,429.241836363636,0.0154346586739142,63.8533266592885,0.418058381037811,17.8476556191768,18.3399751515152,1.52337539553735e-05,103.114642114345,2,0,1,0,48046,"-","-",0,0,0,0,"-","-",0,0,0,0.5,0,0,0,0,0,0,"-",0,0,0,0,0,0,0,0,1,"None","None","None","None","None","None","None","None","None","None","None","None","None","None","None","None","None","None","None","None","None","None","None","None","None","None","None","None","None","None","None","None","None","None",0,0,0,0,6,0.5,"0: Broadleaf",2,TRUE,1705359362.9,421.3284,419.984,18.33906,17.84758,418.4944,18.09568,500.036,90.537,0.10002406,25.7417,24.99422,999.9,0,0,10011.12,0,0.453481,1.344762,429.1996,427.6154,0.4914544,419.984,17.84758,1.660362,1.61587,14.53074,14.11094,0,0,0,0,2.75322,0,-39.90108,-2.11366,33.3998,38.437,35.937,37.437,34.562,0,0,0,1705359381.2,0,2.71294615384615,0.496184619632951,0.277104271828408,-39.9690346153846,15,1705358884.1,16:48:04,1705358868.1,1705358884.1,7,0.021,-0.004,2.83,0.259,419,19,0.16,0.06,1.2896555,0.16277909774436,0.0508823340143709,1,2.73490882352941,-0.0101680638564015,0.166634657378927,1,0.49112535,-0.0006724962406012,0.00079869000713668,1,3,3,"3/3",3.1247,2.72329,0.0899183,0.0901243,0.0840246,0.0828359,24052.4,22305.9,23630.5,23865.8,36894.3,36209.5,42604.3,42531.4,1.84855,1.85055,0.0408366,0,24.3216,999.9,46.118,29.769,21.4152,54.167,47.0353,1,-0.041997,0.13878,20.246,5.23541,11.992,4.9573,3.304,9999,9999,999.9,9999,1.86843,1.86401,1.87171,1.86246,1.86188,1.8684,1.85846,1.86493,5,0,0,0,11111111,"oooooooo","off","off","off","off",0,100,100,2.834,0.2434,1.65303248969437,0.00369010259108627,-2.33795300598267e-06,6.30664277223988e-10,0.0521907583732063,-0.00636665310988633,0.00124096907129474,-1.68717816838163e-05,5,2211,0,30,8.3,8,1.04126,2.38647,1.49902,2.32788,1.54419,2.28638,35.6613,24.2364,18,497.266,445.889,24.8556,26.9978,30.0002,26.8605,26.8885,20.8821,30.878,71.3484,24.855,420,17.8319,95.4854,99.1459
35,1705359371.1,1454.09999990463,2024-01-15 16:56:11,16:56:11,5,"n","brit.lh.4.16","gibson",1705359367.9,0.00041684529899047,0.41684529899047,-1.11996416711307,421.257401402244,487.608023331832,44.1949734223341,38.1812004070818,0.0225264116681465,2.75757200576382,0.0224246786932461,0.0140245260736648,0,25.6287785594841,25.6287785594841,3.30084533147068,50.0140526366191,1.6621640900377,3.32339413107409,1.63868124143298,-18.3828776854797,17.0641231143211,1.31799473997838,-0.00075983118030364,-1.23333403166363,0.417042341167903,-1.11996416711307,427.641757967179,429.082406060606,-0.015528181449474,63.8533266592885,0.41684529899047,17.8474630374313,18.3385551515152,-5.86786637543439e-06,103.114642114345,3,1,1,0,47939,"-","-",0,0,0,0,"-","-",0,0,0,0.5,0,0,0,0,0,0,"-",0,0,0,0,0,0,0,0,1,"None","None","None","None","None","None","None","None","None","None","None","None","None","None","None","None","None","None","None","None","None","None","None","None","None","None","None","None","None","None","None","None","None","None",0,0,0,0,6,0.5,"0: Broadleaf",2,TRUE,1705359367.9,421.2574,419.9882,18.33884,17.84756,418.4234,18.09546,499.993,90.53624,0.10003198,25.74356,24.99086,999.9,0,0,9996.382,0,0.45209,1.269318,429.127,427.6198,0.4912546,419.9882,17.84756,1.66033,1.615852,14.5304,14.1108,0,0,0,0,2.78904,0,-39.79598,-2.13668,33.3998,38.437,35.937,37.437,34.562,0,0,0,1705359386,0,2.72746153846154,-0.131999990319248,1.92486153236898,-39.9217538461538,15,1705358884.1,16:48:04,1705358868.1,1705358884.1,7,0.021,-0.004,2.83,0.259,419,19,0.16,0.06,1.27984285714286,0.0292363636363651,0.0529313609572729,1,2.70282352941177,0.319951112530896,0.159281469434427,1,0.491089476190476,0.00122555844155882,0.00079753612362119,1,3,3,"3/3",3.12489,2.72318,0.0899143,0.0901148,0.0840254,0.0828356,24052.5,22305.9,23630.4,23865.6,36894.1,36209.1,42604.1,42530.9,1.8481,1.85047,0.0412688,0,24.3216,999.9,46.118,29.769,21.4167,54.327,46.6627,1,-0.0423679,0.12082,20.2461,5.23481,11.992,4.9572,3.304,9999,9999,999.9,9999,1.86842,1.86401,1.87168,1.86245,1.86188,1.86836,1.85843,1.86493,5,0,0,0,11111111,"oooooooo","off","off","off","off",0,100,100,2.834,0.2434,1.65303248969437,0.00369010259108627,-2.33795300598267e-06,6.30664277223988e-10,0.0521907583732063,-0.00636665310988633,0.00124096907129474,-1.68717816838163e-05,5,2211,0,30,8.4,8.1,1.04004,2.36084,1.4978,2.32788,1.54419,2.43164,35.638,24.2364,18,497.003,445.844,24.8579,26.9978,30,26.8613,26.8885,20.8813,30.878,71.3484,24.8604,420,17.8319,95.485,99.1449
36,1705359376.1,1459.09999990463,2024-01-15 16:56:16,16:56:16,5,"n","brit.lh.4.16","gibson",1705359372.9,0.00041585968622663,0.415859686226631,-1.29492974600823,421.280401619524,500.125271491032,45.330549386255,38.1841773244959,0.0224770147166569,2.75464954549833,0.0223756194037581,0.0139938338506074,0,25.6274770724521,25.6274770724521,3.30059042273615,50.0181870899062,1.66215761213907,3.32310647155481,1.63843281059708,-18.3394121625944,17.0224980971837,1.31615633857183,-0.0007577268388772,-1.24088030513046,0.416590412301528,-1.29492974600823,427.629212963609,429.173309090909,0.00816508811047486,63.8533266592885,0.415859686226631,17.8476567265708,18.3376121212121,-1.27485264514759e-05,103.114642114345,3,1,1,0,48076,"-","-",0,0,0,0,"-","-",0,0,0,0.5,0,0,0,0,0,0,"-",0,0,0,0,0,0,0,0,1,"None","None","None","None","None","None","None","None","None","None","None","None","None","None","None","None","None","None","None","None","None","None","None","None","None","None","None","None","None","None","None","None","None","None",0,0,0,0,6,0.5,"0: Broadleaf",2,TRUE,1705359372.9,421.2804,420.002,18.33834,17.84762,418.4464,18.09498,500.0214,90.53834,0.10004996,25.7421,24.99722,999.9,0,0,9978.876,0,0.4604362,1.278382,429.1502,427.6342,0.4907258,420.002,17.84762,1.660322,1.615892,14.53036,14.1112,0,0,0,0,2.66128,0,-39.77694,-2.11768,33.4122,38.437,35.937,37.437,34.562,0,0,0,1705359391.4,0,2.715432,-0.0962076826376498,0.395769230381736,-39.79794,15,1705358884.1,16:48:04,1705358868.1,1705358884.1,7,0.021,-0.004,2.83,0.259,419,19,0.16,0.06,1.2816175,0.0152521804511266,0.0489333564018452,1,2.70608823529412,-0.218844915519899,0.171728093499246,1,0.49110365,0.00075225563909649,0.00070170180810654,1,3,3,"3/3",3.12466,2.72311,0.0899212,0.0901131,0.0840196,0.0828387,24052.5,22306,23630.6,23865.7,36894.5,36209.2,42604.3,42531.2,1.84835,1.85047,0.040818,0,24.3216,999.9,46.118,29.769,21.4161,54.337,47.1274,1,-0.0418674,0.111517,20.2462,5.23511,11.992,4.95745,3.304,9999,9999,999.9,9999,1.86841,1.86403,1.87168,1.86244,1.86189,1.86837,1.85842,1.86493,5,0,0,0,11111111,"oooooooo","off","off","off","off",0,100,100,2.834,0.2433,1.65303248969437,0.00369010259108627,-2.33795300598267e-06,6.30664277223988e-10,0.0521907583732063,-0.00636665310988633,0.00124096907129474,-1.68717816838163e-05,5,2211,0,30,8.5,8.2,1.04126,2.37671,1.49902,2.32788,1.54419,2.32422,35.6613,24.2364,18,497.164,445.844,24.8619,27.0001,30.0002,26.8627,26.8885,20.8826,30.878,71.3484,24.8644,420,17.8319,95.4856,99.1453
