"obs","time..2","elapsed","date","hhmmss..5","averaging","id","baseline_yn","machine","TIME..10","E","Emm","A","Ca","Ci","Pci","Pca","gsw","gbw","gtw","gtc","Rabs","TleafEB","TleafCnd","SVPleaf","RHcham","VPcham","SVPcham","VPDleaf","LatHFlux","SenHFlux","NetTherm","EBSum","Asty","Esty","Adyn","Crd","Csd","dCsd/dt","αVc","Edyn","Hr","Hs","dHs/dt","αVh","Leak","LeakPct","CorrFact","CorrFactPct","Fan","DarkAdaptedID","Qmax_d","Fo..53","Fm","Fv/Fm","A_dark","LightAdaptedID","Qmax","Fs","Fm'","PhiPS2","PS2/1","Qabs_fs","A_fs","ETR","PhiCO2","NPQ","alt._Fo'","DarkPulseID","Fmin","Fo'","Fv'/Fm'","qP","qN","qP_Fo","qN_Fo","qL","1-qL","ID..79","P1_dur","P1_Fmax","T@P1_Fmax","Q@P1_Fmax","P1_PredF","P1_ΔF","P2_dur","P2_ramp","P2_int","P2_int_se","P2_slp","P2_slp_se","P2_R2","P2_dQdt","P3_dur","P3_Fmax","T@P3_Fmax","Q@P3_Fmax","P3_PredF","P3_ΔF","ID..100","Dur","DCo","InitSlope","Fo..104","F1","T@F1","T@HIR","F2","T@F2","DCmax","T@DCmax","PhiPS2_dc","Qin","Qabs","alpha","convert","S","K","Geometry","Custom","UseDynamic","TIME..122","CO2_s","CO2_r","H2O_s","H2O_r","CO2_a","H2O_a","Flow","Pa","ΔPcham","Tair","Tleaf","Tleaf2","Offset","Offset2","Fan_speed","Qamb_in","Qamb_out","ΔCO2","CO2_s_d","CO2_r_d","ΔH2O","CO2_b","H2O_b","e_s","e_r","Td_s","Td_r","Q","f_red","f_blue","f_farred","F","Q_modavg","F_dc","Pc","Tled","TDigital","TPreamp","TPwrSpy","TDrive","Q_red","Q_blue","Q_farred","TSPF","state","F_avg","dF/dt","dF_dc/dt","F_dc_avg","period","time..173","hhmmss..174","co2_t","h2o_t","count","co2_adj","h2o_adj","co2_match","h2o_match","co2_at","h2o_at","co2_cv","h2o_cv","ΔCO2:MN","ΔCO2:SLP","ΔCO2:SD","ΔCO2:OK","ΔH2O:MN","ΔH2O:SLP","ΔH2O:SD","ΔH2O:OK","Stable","Total","State","Vflow","VPchamber","abs_c_a","abs_c_b","abs_h_a","abs_h_b","Wc_s","Wc_r","Wco_s","Wco_r","Ww_s","Ww_r","Wwo_s","Wwo_r","Flow_s_v","Flow_r_v","Tleaf_mv","Tleaf2_mv","Tleaf_j","Tleaf2_j","Console_RH","Console_T","Console_H2O","Fan_%","Flow_%","Pump","Tchp_pwm","Txchg_pwm","diag_20v","diag_5_4v","diag_12v","diag_5va","diag_3_3vf","AccH2O_hum","AccCO2_soda","AccH2O_des","CO2_hrs","ADC_CH1","ADC_CH2","ADC_CH3","ADC_CH4","ADC_CH5","ADC_CH6","ADC_CH7","ADC_CH8","DAC_1","DAC_2","DAC_3","DAC_4","GPIO","GPIO_dir","excit_5v","power_12v","power_5v","ch1_pullup","AuxPower","MatchValveR","MatchValveS","MatchCO2","MatchH2O","cf_co2_a","cf_co2_b","cf_co2_c","cf_co2_d","cf_h2o_a","cf_h2o_b","cf_h2o_c","cf_h2o_d","co2_fit_low","co2_fit_high","h2o_fit_low","h2o_fit_high","co2_elapsed","h2o_elapsed","CO2_f","CO2_f_s","Pump_f","Pump_f_s","Pump_p","Pump_p_s","Tboard","V_system","DIAG","Flow_s","Flow_r","Txchg","Tirga","Tchopper","Ts","Tr","CO2_%","Desiccant_%","Humidifier_%","Txchg_sp","CO2_r_sp","H2O_r_sp","SS_s","SS_r"
1,1703975440,0,2023-12-30 16:30:40,16:30:40,5,"paul.hl.4.24","n","ozzie",1703975436.5,0.00056690689506446,0.566906895064464,-0.833233221498111,420.744834384724,456.040816556672,41.1879427548855,38.0001384172117,0.0266272536869709,2.75054864760019,0.0264848745473031,0.0165657751962681,0,27.9843339221792,27.9843339221792,3.79137531433128,50.163559152914,1.91927816764602,3.82604065591811,1.87209714668527,-25.0005940723429,23.1624324727536,1.83673193242751,-0.00142966716171955,-0.839635299501319,0.56686793817137,-0.833233221498111,428.857283850403,429.878145454545,7.81942532007451e-07,64.3359960212462,0.566906895064464,20.5845914391667,21.2504175757576,-1.75885167468935e-06,107.2,0,0,1,0,47597,"-","-",0,0,0,0,"-","-",0,0,0,0.5,0,0,0,0,0,0,"-",0,0,0,0,0,0,0,0,1,"None","None","None","None","None","None","None","None","None","None","None","None","None","None","None","None","None","None","None","None","None","None","None","None","None","None","None","None","None","None","None","None","None","None",0,0,0,0,6,0.5,"0: Broadleaf",2,TRUE,1703975436.5,420.744833333333,420.0235,21.2506166666667,20.58485,420.373833333333,20.9119333333333,500.0145,90.2163,0.10005165,28.1405333333333,27.4985,999.9,0,0,9990.2,0,0.245939833333333,0.721404833333333,429.880166666667,428.851,0.665793,420.0235,20.58485,1.91715166666667,1.857085,16.7762,16.27575,0,0,0,0,2.27665,0,-7.19633333333333,-0.0345,35.5103333333333,39.9373333333333,37.406,39.4996666666667,36.3853333333333,0,0,0,1703975420.6,0,2.24213461538462,0.127641012429615,1.46562052062017,-7.37788461538462,15,1703965342.1,13:42:22,1703965326.1,1703965342.1,4,0.04,-0.002,0.37,0.39,420,23,0.31,0.04,0.687487733333333,0.241580142857143,0.0332025967809079,1,0.6655228,0.00523521428571564,0.0005467400601139,1,2,2,"2/2",3.13244,2.77817,0.0898087,0.0898867,0.0941476,0.0928798,34644.8,37957.4,34443.3,37804.4,44076.3,49340.5,53740.7,60550.3,1.96308,1.84452,0.0539497,0,26.6181,999.9,50.079,30.696,24.6121,55.6875,49.1026,1,-0.00147104,0,20.1484,5.20217,12.0099,4.97565,3.294,9999,9999,9999,999.9,1.86318,1.86813,1.86784,1.86902,1.86981,1.86586,1.86692,1.86838,5,0,0,0,11111111,"oooooooo","off","off","off","off",0,100,100,0.371,0.3386,0.0423216469933034,0.00094011373067852,-4.34151045835808e-07,1.387723914529e-10,-0.0481412878089496,-0.02448881951688,0.00297863063736364,-4.41375820948824e-05,5,2316,0,22,168.6,168.3,1.02051,2.63428,1.54785,2.33276,1.64673,2.33521,34.7837,24.1751,18,502.525,423.178,27.6371,27.3036,29.9999,27.3188,27.28,20.4437,19.6949,100,-999.9,420.036,20.6384,97.6826,98.0234
2,1703975445,5,2023-12-30 16:30:45,16:30:45,5,"paul.hl.4.24","n","ozzie",1703975441.8,0.00056457617026891,0.564576170268911,-0.799202098305573,420.702801004378,454.174558611532,41.0201161296334,37.9970155220038,0.0265184700452479,2.75493017685258,0.02637747187194,0.0164985254199521,0,27.9829517553877,27.9829517553877,3.79106979722724,50.1638621555519,1.91903791735539,3.82553861463993,1.87203187987185,-24.897809108859,23.0699404683724,1.8264548945723,-0.00141374591423115,-0.81325525578581,0.565854041821939,-0.799202098305573,428.835423391239,429.815727272727,-0.00025061375346696,64.3359960212462,0.564576170268911,20.5828370491667,21.2460163636364,-1.54160506160529e-05,107.2,0,0,1,0,47667,"-","-",0,0,0,0,"-","-",0,0,0,0.5,0,0,0,0,0,0,"-",0,0,0,0,0,0,0,0,1,"None","None","None","None","None","None","None","None","None","None","None","None","None","None","None","None","None","None","None","None","None","None","None","None","None","None","None","None","None","None","None","None","None","None",0,0,0,0,6,0.5,"0: Broadleaf",2,TRUE,1703975441.8,420.7028,420.0126,21.24758,20.58302,420.3318,20.90904,500.028,90.21802,0.09993232,28.13828,27.49978,999.9,0,0,10015.97,0,0.23031,0.6903198,429.836,428.8392,0.664585,420.0126,20.58302,1.916916,1.856958,16.77428,16.27468,0,0,0,0,2.22858,0,-7.83646,-0.08672,35.4622,39.7874,37.3372,39.3122,36.3246,0,0,0,1703975425.4,0,2.25668846153846,-0.0269025720725447,-4.5319589821084,-7.47820769230769,15,1703965342.1,13:42:22,1703965326.1,1703965342.1,4,0.04,-0.002,0.37,0.39,420,23,0.31,0.04,0.6961230625,0.0423809117647051,0.033479749212152,1,0.6655006875,-0.00367120588235474,0.00075112288598055,1,2,2,"2/2",3.1323,2.7781,0.0898056,0.0898859,0.0941412,0.092882,34645.3,37957.8,34443.6,37804.8,44077,49340.6,53741.2,60550.7,1.9632,1.84495,0.0538491,0,26.619,999.9,50.055,30.706,24.6114,55.4575,49.2228,1,-0.00170732,0,20.1485,5.20142,12.0099,4.97565,3.29398,9999,9999,9999,999.9,1.86322,1.86814,1.86786,1.86903,1.86982,1.8659,1.86694,1.86842,5,0,0,0,11111111,"oooooooo","off","off","off","off",0,100,100,0.371,0.3385,0.0423216469933034,0.00094011373067852,-4.34151045835808e-07,1.387723914529e-10,-0.0481412878089496,-0.02448881951688,0.00297863063736364,-4.41375820948824e-05,5,2316,0,22,168.6,168.4,1.02051,2.62817,1.54785,2.33398,1.64673,2.35596,34.7837,24.1838,18,502.589,423.403,27.6355,27.3013,30,27.3167,27.2777,20.4469,19.6949,100,-999.9,420.036,20.6384,97.6836,98.0242
3,1703975450,10,2023-12-30 16:30:50,16:30:50,5,"paul.hl.4.24","n","ozzie",1703975446.8,0.0005657939051006,0.565793905100602,-0.837933592864313,420.694801060322,456.356487220754,41.2173511464815,37.9964475719497,0.0265845056025918,2.74960037242465,0.0264425332751172,0.0165392756115306,0,27.9801369316136,27.9801369316136,3.79044766897217,50.168746453655,1.9189788894345,3.82504851144171,1.87146877953768,-24.9515112149365,23.1164476828023,1.83363859499102,-0.00142493714322,-0.829706508432076,0.56497630023488,-0.837933592864313,428.810297865693,429.836436363636,0.0001019015328515,64.3359960212462,0.565793905100602,20.5834267891667,21.2478612121212,8.43402597398086e-06,107.2,0,0,1,0,47490,"-","-",0,0,0,0,"-","-",0,0,0,0.5,0,0,0,0,0,0,"-",0,0,0,0,0,0,0,0,1,"None","None","None","None","None","None","None","None","None","None","None","None","None","None","None","None","None","None","None","None","None","None","None","None","None","None","None","None","None","None","None","None","None","None",0,0,0,0,6,0.5,"0: Broadleaf",2,TRUE,1703975446.8,420.6948,419.9844,21.24684,20.5833,420.3238,20.9083,500.0202,90.21822,0.10009978,28.13608,27.49618,999.9,0,0,9984.374,0,0.2441008,0.7103636,429.8272,428.8108,0.6635214,419.9844,20.5833,1.916848,1.856986,16.77372,16.27494,0,0,0,0,2.24678,0,-8.13574,-0.1184,35.4122,39.6624,37.2624,39.1498,36.2624,0,0,0,1703975430.8,0,2.275524,0.471299997466958,-4.67137692900859,-7.888192,15,1703965342.1,13:42:22,1703965326.1,1703965342.1,4,0.04,-0.002,0.37,0.39,420,23,0.31,0.04,0.7072333125,-0.0175029705882353,0.0252346363994975,1,0.6646585,-0.0123781764705898,0.00115663196393667,1,2,2,"2/2",3.13237,2.77784,0.0898076,0.0898911,0.0941445,0.0928831,34645.6,37957.9,34444,37805.1,44077.3,49341,53741.8,60551.2,1.9631,1.8449,0.0534654,0,26.6204,999.9,50.055,30.696,24.5998,55.6475,49.3269,1,-0.00170732,0,20.1485,5.20112,12.0099,4.97565,3.2939,9999,9999,9999,999.9,1.86321,1.86813,1.86784,1.86905,1.86982,1.86593,1.86696,1.86839,5,0,0,0,11111111,"oooooooo","off","off","off","off",0,100,100,0.371,0.3386,0.0423216469933034,0.00094011373067852,-4.34151045835808e-07,1.387723914529e-10,-0.0481412878089496,-0.02448881951688,0.00297863063736364,-4.41375820948824e-05,5,2316,0,22,168.7,168.5,1.02051,2.62817,1.54785,2.33276,1.64673,2.32178,34.7608,24.1751,18,502.508,423.357,27.6338,27.2998,30,27.315,27.2754,20.4462,19.6949,100,-999.9,420.036,20.6384,97.6846,98.0249
4,1703975455,15,2023-12-30 16:30:55,16:30:55,5,"paul.hl.4.24","n","ozzie",1703975451.8,0.00056423952302034,0.564239523020346,-0.805453161631118,420.714001015414,454.572294577317,41.0555518534194,37.9975763815716,0.0265141300401998,2.75134924064435,0.0263729954841414,0.0164957397998879,0,27.9785566941351,27.9785566941351,3.79009844622432,50.1721940082895,1.91887606725108,3.82458073676038,1.87122237897324,-24.8829629651973,23.0540540128428,1.82749351620704,-0.00141543614746808,-0.783774442159119,0.565518282790227,-0.805453161631118,428.882764002175,429.868545454545,0.0002240171713862,64.3359960212462,0.564239523020346,20.581689975,21.2444727272727,-1.34098616830787e-05,107.2,0,0,1,0,47618,"-","-",0,0,0,0,"-","-",0,0,0,0.5,0,0,0,0,0,0,"-",0,0,0,0,0,0,0,0,1,"None","None","None","None","None","None","None","None","None","None","None","None","None","None","None","None","None","None","None","None","None","None","None","None","None","None","None","None","None","None","None","None","None","None",0,0,0,0,6,0.5,"0: Broadleaf",2,TRUE,1703975451.8,420.714,420.059,21.24604,20.58186,420.343,20.90752,500.018,90.21692,0.09996104,28.13398,27.49562,999.9,0,0,9994.872,0,0.2523754,0.6550476,429.8466,428.8862,0.6641778,420.059,20.58186,1.916752,1.856834,16.77292,16.2736,0,0,0,0,2.38214,0,-8.39798,-0.09668,35.375,39.5498,37.1996,38.9996,36.2122,0,0,0,1703975435.6,0,2.285516,-0.0210922974485404,-1.76865384561055,-8.164176,15,1703965342.1,13:42:22,1703965326.1,1703965342.1,4,0.04,-0.002,0.37,0.39,420,23,0.31,0.04,0.682134933333333,-0.197290285714286,0.0314926912991288,1,0.664064466666667,-0.00208178571428585,0.00083600190324079,1,2,2,"2/2",3.13243,2.77802,0.0898157,0.0898952,0.0941358,0.0928679,34645.3,37957.7,34444.1,37805.1,44077.5,49341.7,53741.5,60551,1.96333,1.84438,0.0533834,0,26.6226,999.9,50.055,30.706,24.6146,55.1775,49.2508,1,-0.00180132,0,20.1485,5.20217,12.0099,4.97565,3.294,9999,9999,9999,999.9,1.8632,1.86813,1.86784,1.86904,1.86982,1.86596,1.86693,1.86839,5,0,0,0,11111111,"oooooooo","off","off","off","off",0,100,100,0.371,0.3385,0.0423216469933034,0.00094011373067852,-4.34151045835808e-07,1.387723914529e-10,-0.0481412878089496,-0.02448881951688,0.00297863063736364,-4.41375820948824e-05,5,2316,0,22,168.8,168.5,1.02051,2.63428,1.54785,2.33398,1.64551,2.2876,34.7837,24.1751,18,502.645,423.048,27.6322,27.2986,29.9999,27.3138,27.2739,20.4449,19.6949,100,-999.9,420.036,20.6384,97.6844,98.0247
5,1703975460,20,2023-12-30 16:31:00,16:31:00,5,"paul.hl.4.24","n","ozzie",1703975456.8,0.00056724453681961,0.567244536819613,-0.798990030495265,420.731201008343,453.952239935292,41.0000426815701,37.9995860385427,0.0266552039501602,2.75386141022396,0.0265126972546585,0.0165831758015078,0,27.9783210668255,27.9783210668255,3.7900463764454,50.1674378026778,1.91874556421606,3.82468319742182,1.87130081222934,-25.015484073745,23.1783810639503,1.83567487300827,-0.00142813678634112,-0.813340842841148,0.567344878094158,-0.798990030495265,428.869506164823,429.849296969697,-0.00017582380556869,64.3359960212462,0.567244536819613,20.5775719108333,21.2438666666667,-4.18140589575572e-06,107.2,0,0,1,0,47497,"-","-",0,0,0,0,"-","-",0,0,0,0.5,0,0,0,0,0,0,"-",0,0,0,0,0,0,0,0,1,"None","None","None","None","None","None","None","None","None","None","None","None","None","None","None","None","None","None","None","None","None","None","None","None","None","None","None","None","None","None","None","None","None","None",0,0,0,0,6,0.5,"0: Broadleaf",2,TRUE,1703975456.8,420.7312,420.0416,21.24434,20.57796,420.3602,20.9059,499.9778,90.21802,0.09994536,28.13444,27.49568,999.9,0,0,10009.634,0,0.2578918,0.689685,429.8634,428.8666,0.6663764,420.0416,20.57796,1.916624,1.856502,16.77184,16.27084,0,0,0,0,2.4241,0,-8.49026,-0.11174,35.3372,39.4372,37.1498,38.8622,36.1498,0,0,0,1703975440.4,0,2.294728,-0.205569223037217,-1.11963844435144,-8.3019,15,1703965342.1,13:42:22,1703965326.1,1703965342.1,4,0.04,-0.002,0.37,0.39,420,23,0.31,0.04,0.686578625,-0.0632108823529423,0.0308082406404419,1,0.664659625,0.0156158823529411,0.00138161168907006,1,2,2,"2/2",3.13255,2.77817,0.0898121,0.0898943,0.0941313,0.092865,34645.2,37957.7,34443.8,37805,44077.7,49341.7,53741.5,60550.9,1.96345,1.8444,0.0532158,0,26.6246,999.9,50.055,30.696,24.6016,55.6075,49.0264,1,-0.00183689,0,20.1486,5.20187,12.0099,4.9758,3.294,9999,9999,9999,999.9,1.86323,1.86814,1.86785,1.86905,1.86981,1.86597,1.86693,1.86841,5,0,0,0,11111111,"oooooooo","off","off","off","off",0,100,100,0.371,0.3384,0.0423216469933034,0.00094011373067852,-4.34151045835808e-07,1.387723914529e-10,-0.0481412878089496,-0.02448881951688,0.00297863063736364,-4.41375820948824e-05,5,2316,0,22,168.9,168.6,1.02051,2.6416,1.54785,2.33276,1.64673,2.27173,34.7837,24.1751,18,502.709,423.054,27.6305,27.2967,29.9999,27.3119,27.2728,20.4463,19.6949,100,-999.9,420.036,20.6384,97.684,98.0245
6,1703975465,25,2023-12-30 16:31:05,16:31:05,5,"paul.hl.4.24","n","ozzie",1703975461.8,0.00056652482022096,0.566524820220961,-0.819733811068119,420.718001035786,455.230466342721,41.1162049483687,37.9990550611177,0.0266218398350897,2.75108063844521,0.0264795457822197,0.0165624371363304,0,27.9775930418859,27.9775930418859,3.78988549879256,50.1654414912219,1.91858205607992,3.82450946119081,1.87130344271264,-24.9837445717444,23.1472674402709,1.83504995266881,-0.00142717880468268,-0.815056759666444,0.566942373433929,-0.819733811068119,428.849596259332,429.853733333333,3.24110159354877e-05,64.3359960212462,0.566524820220961,20.5761608166667,21.2415551515151,-5.73901137630772e-06,107.2,0,0,1,0,47518,"-","-",0,0,0,0,"-","-",0,0,0,0.5,0,0,0,0,0,0,"-",0,0,0,0,0,0,0,0,1,"None","None","None","None","None","None","None","None","None","None","None","None","None","None","None","None","None","None","None","None","None","None","None","None","None","None","None","None","None","None","None","None","None","None",0,0,0,0,6,0.5,"0: Broadleaf",2,TRUE,1703975461.8,420.718,420.0262,21.24216,20.57632,420.347,20.90384,500.0294,90.21946,0.100077,28.13366,27.49538,999.9,0,0,9993,0,0.2482384,0.6921998,429.849,428.8502,0.6658452,420.0262,20.57632,1.91646,1.856384,16.77048,16.26984,0,0,0,0,2.15996,0,-8.50384,-0.121,35.2872,39.3122,37.0746,38.7372,36.0998,0,0,0,1703975445.8,0,2.23012307692308,-1.0253811907506,-0.757442725584174,-8.40793076923077,15,1703965342.1,13:42:22,1703965326.1,1703965342.1,4,0.04,-0.002,0.37,0.39,420,23,0.31,0.04,0.679536933333333,0.228909428571429,0.0265471687491445,1,0.665504,0.00942642857142868,0.00110370291896567,1,2,2,"2/2",3.13251,2.77797,0.0898183,0.0898962,0.0941294,0.0928619,34645.2,37957.9,34444,37805.3,44077.9,49342.4,53741.6,60551.5,1.9631,1.8446,0.0535846,0,26.6263,999.9,50.055,30.706,24.614,55.8875,48.9904,1,-0.00230945,0,20.1486,5.20202,12.0099,4.97575,3.29395,9999,9999,9999,999.9,1.8632,1.86813,1.86786,1.86905,1.86981,1.86592,1.86695,1.86841,5,0,0,0,11111111,"oooooooo","off","off","off","off",0,100,100,0.371,0.3383,0.0423216469933034,0.00094011373067852,-4.34151045835808e-07,1.387723914529e-10,-0.0481412878089496,-0.02448881951688,0.00297863063736364,-4.41375820948824e-05,5,2316,0,22,169,168.7,1.02051,2.63794,1.54785,2.33276,1.64673,2.32666,34.7837,24.1751,18,502.461,423.153,27.6289,27.2946,30,27.3098,27.2708,20.4455,19.6949,100,-999.9,420.036,20.6384,97.6844,98.0255
7,1703975470,30,2023-12-30 16:31:10,16:31:10,5,"paul.hl.4.24","n","ozzie",1703975466.8,0.00056668835560124,0.566688355601249,-0.825968358618314,420.74720104459,455.615612460217,41.1502528422782,38.001010571554,0.0266288771886147,2.74923509042934,0.0264864130936851,0.0165667443487793,0,27.977370892683,27.977370892683,3.78983640984423,50.1638305254405,1.91851150599304,3.82449164247948,1.87132490385119,-24.9909564820151,23.1528081119388,1.83671859148559,-0.00142977859073667,-0.804993414408184,0.566886357908632,-0.825968358618314,428.885562410435,429.896836363636,0.00016197152468815,64.3359960212462,0.566688355601249,20.5759049133333,21.24152,-9.69696969739049e-07,107.2,0,0,1,0,47527,"-","-",0,0,0,0,"-","-",0,0,0,0.5,0,0,0,0,0,0,"-",0,0,0,0,0,0,0,0,1,"None","None","None","None","None","None","None","None","None","None","None","None","None","None","None","None","None","None","None","None","None","None","None","None","None","None","None","None","None","None","None","None","None","None",0,0,0,0,6,0.5,"0: Broadleaf",2,TRUE,1703975466.8,420.7472,420.0674,21.24176,20.57592,420.3762,20.90344,499.9802,90.21786,0.1000565,28.13358,27.4977,999.9,0,0,9982.252,0,0.2523754,0.6799622,429.8786,428.8922,0.6658302,420.0674,20.57592,1.916386,1.856314,16.7699,16.26924,0,0,0,0,2.21546,0,-8.8417,-0.11998,35.25,39.2248,37.0124,38.5996,36.062,0,0,0,1703975450.6,0,2.22188076923077,-0.0738153824658884,-2.97006153531964,-8.58825769230769,15,1703965342.1,13:42:22,1703965326.1,1703965342.1,4,0.04,-0.002,0.37,0.39,420,23,0.31,0.04,0.6895389375,-0.0394995000000018,0.0141942123393161,1,0.6659215625,-0.00274173529412021,0.0006238520426301,1,2,2,"2/2",3.13234,2.7778,0.0898198,0.0899031,0.0941216,0.0928738,34645.1,37957.7,34444,37805.4,44078.2,49341.9,53741.5,60551.6,1.96315,1.84448,0.0529923,0,26.6285,999.9,50.055,30.706,24.6134,55.7775,49.3389,1,-0.00224085,0,20.1484,5.20217,12.0099,4.97575,3.29398,9999,9999,9999,999.9,1.86322,1.86813,1.86785,1.86905,1.86983,1.86591,1.86698,1.86841,5,0,0,0,11111111,"oooooooo","off","off","off","off",0,100,100,0.371,0.3382,0.0423216469933034,0.00094011373067852,-4.34151045835808e-07,1.387723914529e-10,-0.0481412878089496,-0.02448881951688,0.00297863063736364,-4.41375820948824e-05,5,2316,0,22,169.1,168.8,1.02051,2.62573,1.54785,2.33276,1.64551,2.34375,34.7837,24.1751,18,502.489,423.071,27.6273,27.2944,30.0001,27.3092,27.2694,20.4436,19.4245,100,-999.9,420.036,20.6384,97.6842,98.0257
8,1703975475,35,2023-12-30 16:31:15,16:31:15,5,"paul.hl.4.24","n","ozzie",1703975471.8,0.00055260096971789,0.552600969717897,-0.793165452041748,420.744001001865,454.874077692707,41.0834642008864,38.0008928857345,0.0259572923949512,2.7535709726813,0.0258221158937697,0.016150908693829,0,27.9797361652334,27.9797361652334,3.79035909941406,50.1714077274856,1.91860686165332,3.82410410342591,1.87175223776074,-24.3697027645592,22.5798931033567,1.78845404939533,-0.00135561180720955,-0.828814367664549,0.551803442626758,-0.793165452041748,428.87155895735,429.8448,-0.00030107637781948,64.3359960212462,0.552600969717897,20.5965686883333,21.2454545454545,2.18926791726248e-05,107.2,0,0,1,0,47464,"-","-",0,0,0,0,"-","-",0,0,0,0.5,0,0,0,0,0,0,"-",0,0,0,0,0,0,0,0,1,"None","None","None","None","None","None","None","None","None","None","None","None","None","None","None","None","None","None","None","None","None","None","None","None","None","None","None","None","None","None","None","None","None","None",0,0,0,0,6,0.5,"0: Broadleaf",2,TRUE,1703975471.8,420.744,420.028,21.24272,20.5946,420.3728,20.90434,499.983,90.21844,0.09988372,28.13184,27.4969,999.9,0,0,10007.866,0,0.2578918,0.7162292,429.8758,428.8598,0.6481452,420.028,20.5946,1.916486,1.85801,16.77072,16.28358,0,0,0,0,2.32912,0,-9.04122,-0.1015,35.1996,39.1248,36.9496,38.4872,36.0124,0,0,0,1703975455.4,0,2.24806153846154,0.780211970305252,-2.98371282003619,-8.75320769230769,15,1703965342.1,13:42:22,1703965326.1,1703965342.1,4,0.04,-0.002,0.37,0.39,420,23,0.31,0.04,0.697519933333333,0.123583071428573,0.0245526543615055,1,0.659473933333333,-0.112786285714284,0.0100920020310915,1,2,2,"2/2",3.13236,2.77798,0.0898141,0.0898987,0.0941527,0.0929766,34644.9,37957.8,34443.5,37805.3,44076.2,49336.1,53740.9,60551.6,1.9632,1.84442,0.0530109,0,26.6313,999.9,50.055,30.696,24.5993,55.7275,49.2909,1,-0.00227134,0,20.1485,5.20007,12.0099,4.97525,3.29395,9999,9999,9999,999.9,1.86322,1.86813,1.86787,1.86903,1.86981,1.8659,1.86699,1.8684,5,0,0,0,11111111,"oooooooo","off","off","off","off",0,100,100,0.371,0.3387,0.0423216469933034,0.00094011373067852,-4.34151045835808e-07,1.387723914529e-10,-0.0481412878089496,-0.02448881951688,0.00297863063736364,-4.41375820948824e-05,5,2316,0,22,169.1,168.9,1.02051,2.63306,1.54785,2.33276,1.64673,2.26562,34.7837,24.1838,18,502.504,423.036,27.6257,27.2921,30,27.3073,27.2686,20.4444,19.4245,100,-999.9,420.036,20.6384,97.6831,98.0256
9,1703975480,40,2023-12-30 16:31:20,16:31:20,5,"paul.hl.4.24","n","ozzie",1703975476.8,0.00055032238471433,0.550322384714331,-0.83776301649918,420.737801051643,457.766803455312,41.3446760790696,38.0002830423643,0.0258692697963864,2.75317173676555,0.0257349866028768,0.016096373203204,0,27.9778627204516,27.9778627204516,3.78994509118633,50.2048560687559,1.91960868198289,3.82355180812385,1.87033640920344,-24.269217165902,22.4865888989954,1.78128346562849,-0.00134480127810121,-0.814809280621279,0.546490937003182,-0.83776301649918,428.880982866323,429.906036363636,0.00028875807582691,64.3359960212462,0.550322384714331,20.6141941258333,21.2601054545455,4.97559194428483e-05,107.2,0,0,1,0,47771,"-","-",0,0,0,0,"-","-",0,0,0,0.5,0,0,0,0,0,0,"-",0,0,0,0,0,0,0,0,1,"None","None","None","None","None","None","None","None","None","None","None","None","None","None","None","None","None","None","None","None","None","None","None","None","None","None","None","None","None","None","None","None","None","None",0,0,0,0,6,0.5,"0: Broadleaf",2,TRUE,1703975476.8,420.7378,420.036,21.25384,20.61204,420.3666,20.91502,500.0398,90.21826,0.09994518,28.12936,27.49888,999.9,0,0,10005.52,0,0.2509964,0.7019898,429.8744,428.876,0.64181,420.036,20.61204,1.917484,1.85958,16.77892,16.29684,0,0,0,0,2.33096,0,-9.3427,-0.12882,35.1374,39.0372,36.8998,38.3622,35.9496,0,0,0,1703975460.8,0,2.288748,-0.419623083409363,-2.6738538550036,-9.095992,15,1703965342.1,13:42:22,1703965326.1,1703965342.1,4,0.04,-0.002,0.37,0.39,420,23,0.31,0.04,0.69948575,0.109874470588234,0.0334537951182299,1,0.652457625,-0.131867823529415,0.0116917964074976,1,2,2,"2/2",3.13249,2.77822,0.08982,0.0898918,0.0941896,0.0929832,34645,37958.1,34443.9,37805.3,44074.8,49335.5,53741.4,60551.3,1.96347,1.84452,0.0527985,0,26.6336,999.9,50.055,30.706,24.6138,55.2575,49.1707,1,-0.00225356,0,20.1485,5.20037,12.0099,4.97565,3.294,9999,9999,9999,999.9,1.86324,1.86813,1.86788,1.86905,1.86983,1.86588,1.86698,1.86841,5,0,0,0,11111111,"oooooooo","off","off","off","off",0,100,100,0.371,0.3392,0.0423216469933034,0.00094011373067852,-4.34151045835808e-07,1.387723914529e-10,-0.0481412878089496,-0.02448881951688,0.00297863063736364,-4.41375820948824e-05,5,2316,0,22,169.2,169,1.02051,2.63916,1.54785,2.33398,1.64673,2.22534,34.7608,24.1751,18,502.666,423.076,27.6241,27.2921,30.0001,27.3052,27.2663,20.4447,19.4245,100,-999.9,420.036,20.6384,97.6841,98.0252
10,1703975485,45,2023-12-30 16:31:25,16:31:25,5,"paul.hl.4.24","n","ozzie",1703975481.8,0.0005543606063361,0.554360606336101,-0.822555257253773,420.752201034877,456.446908467592,41.2240966210873,38.0003217619086,0.0260886637901668,2.76032096943229,0.0259524514577372,0.0162324608833209,0,27.9716167287035,27.9716167287035,3.78856508894269,50.2403023419955,1.92034874577597,3.82232720795305,1.86821634316672,-24.447302739422,22.6559947417,1.78994997175378,-0.00135802596829748,-0.824135950575749,0.552942569939555,-0.822555257253773,428.871456354426,429.879921212121,-0.00012873055868198,64.3359960212462,0.554360606336101,20.613350585,21.2643503030303,1.35604310582806e-05,107.2,0,0,1,0,47461,"-","-",0,0,0,0,"-","-",0,0,0,0.5,0,0,0,0,0,0,"-",0,0,0,0,0,0,0,0,1,"None","None","None","None","None","None","None","None","None","None","None","None","None","None","None","None","None","None","None","None","None","None","None","None","None","None","None","None","None","None","None","None","None","None",0,0,0,0,6,0.5,"0: Broadleaf",2,TRUE,1703975481.8,420.7522,420.0424,21.26274,20.6133,420.381,20.92356,499.9866,90.21536,0.09984612,28.12386,27.49944,999.9,0,0,10048.26,0,0.2496172,0.7099548,429.893,428.8832,0.6494696,420.0424,20.6133,1.918226,1.859634,16.78502,16.29728,0,0,0,0,2.3605,0,-9.6373,-0.16522,35.1124,38.9498,36.8498,38.2498,35.8998,0,0,0,1703975465.6,0,2.298872,-0.315115389631084,-2.3362769377124,-9.266532,15,1703965342.1,13:42:22,1703965326.1,1703965342.1,4,0.04,-0.002,0.37,0.39,420,23,0.31,0.04,0.7048034375,0.0886446176470572,0.034922439342364,1,0.6482104375,-0.0487211470588253,0.00868244758095859,1,2,2,"2/2",3.13249,2.77815,0.0898131,0.0898912,0.0942038,0.092978,34645.2,37958.2,34443.8,37805.3,44073.9,49335.8,53741.3,60551.2,1.96305,1.84475,0.0531636,0,26.6353,999.9,50.031,30.706,24.6022,55.4475,49.0104,1,-0.00238821,0,20.1486,5.20037,12.0099,4.97575,3.294,9999,9999,9999,999.9,1.86323,1.86813,1.86788,1.86903,1.86983,1.8659,1.86696,1.86841,5,0,0,0,11111111,"oooooooo","off","off","off","off",0,100,100,0.371,0.3393,0.0423216469933034,0.00094011373067852,-4.34151045835808e-07,1.387723914529e-10,-0.0481412878089496,-0.02448881951688,0.00297863063736364,-4.41375820948824e-05,5,2316,0,22,169.3,169,1.02051,2.63794,1.54785,2.33398,1.64673,2.29736,34.7837,24.1751,18,502.382,423.19,27.6226,27.2898,29.9999,27.3046,27.2643,20.4448,19.4245,100,-999.9,420.036,20.577,97.6838,98.0252
11,1703975490,50,2023-12-30 16:31:30,16:31:30,5,"paul.hl.4.24","n","ozzie",1703975486.8,0.00055694677452483,0.556946774524838,-0.788608755333839,420.703200998804,454.094194645398,41.0128876002692,37.9970792383973,0.0262334931839471,2.74633794066347,0.0260950713827467,0.0163217952472056,0,27.9663446256793,27.9663446256793,3.7874006008913,50.2596277024305,1.92065780965245,3.82147241723315,1.86674279123885,-24.5613527565454,22.7532636793274,1.80670542174848,-0.00138365546948904,-0.809219879776091,0.55659265196026,-0.788608755333839,428.849946059685,429.817236363636,-0.0002468116586418,64.3359960212462,0.556946774524838,20.6117125208333,21.2657533333333,1.92777777774946e-06,107.2,0,0,1,0,47539,"-","-",0,0,0,0,"-","-",0,0,0,0.5,0,0,0,0,0,0,"-",0,0,0,0,0,0,0,0,1,"None","None","None","None","None","None","None","None","None","None","None","None","None","None","None","None","None","None","None","None","None","None","None","None","None","None","None","None","None","None","None","None","None","None",0,0,0,0,6,0.5,"0: Broadleaf",2,TRUE,1703975486.8,420.7032,420.0132,21.2655,20.61186,420.3322,20.9262,500.0518,90.2178,0.1002179,28.12002,27.49804,999.9,0,0,9965.122,0,0.2482382,0.6903136,429.8442,428.8526,0.6536324,420.0132,20.61186,1.918528,1.859558,16.7875,16.29662,0,0,0,0,2.32496,0,-9.74934,-0.20312,35.0622,38.8498,36.7872,38.1498,35.8498,0,0,0,1703975470.4,0,2.287528,0.349930760241388,-2.41753077677849,-9.528588,15,1703965342.1,13:42:22,1703965326.1,1703965342.1,4,0.04,-0.002,0.37,0.39,420,23,0.31,0.04,0.699848125,-0.0178051764705916,0.033300484528898,1,0.647798875,0.0738019411764689,0.00585141034147963,1,2,2,"2/2",3.13249,2.77771,0.0898074,0.0899015,0.0942111,0.0929758,34645.3,37958.2,34443.7,37805.8,44073.3,49336.8,53741,60552.4,1.9632,1.84465,0.0522062,0,26.637,999.9,50.055,30.696,24.5983,55.3675,49.0024,1,-0.002406,0,20.1485,5.19992,12.0099,4.9757,3.294,9999,9999,9999,999.9,1.8632,1.86813,1.86787,1.86903,1.86983,1.86589,1.86695,1.86839,5,0,0,0,11111111,"oooooooo","off","off","off","off",0,100,100,0.371,0.3394,0.0423216469933034,0.00094011373067852,-4.34151045835808e-07,1.387723914529e-10,-0.0481412878089496,-0.02448881951688,0.00297863063736364,-4.41375820948824e-05,5,2316,0,22,169.4,169.1,1.02051,2.63794,1.54785,2.33398,1.64673,2.32178,34.7837,24.1838,18,502.463,423.125,27.6208,27.2894,30,27.3027,27.2631,20.4446,19.4245,100,-999.9,420.036,20.5486,97.6834,98.0268
12,1703975495,55,2023-12-30 16:31:35,16:31:35,5,"paul.hl.4.24","n","ozzie",1703975491.8,0.00056109973840183,0.56109973840183,-0.785211508677198,420.68880099593,453.506580259375,40.9604450458895,37.9963627093562,0.0264456299211393,2.74554102216481,0.0263049262609628,0.0164531580420319,0,27.9627368161485,27.9627368161485,3.78660389752728,50.2733000859385,1.92090951871071,3.82093380666687,1.86569437881656,-24.7444984635207,22.9224779769896,1.8206153851893,-0.00140510134185234,-0.796816670324451,0.559422366187178,-0.785211508677198,428.871828512114,429.833703030303,5.46582349674186e-05,64.3359960212462,0.56109973840183,20.6107198775,21.2696581818182,1.17418146479328e-05,107.2,0,0,1,0,47494,"-","-",0,0,0,0,"-","-",0,0,0,0.5,0,0,0,0,0,0,"-",0,0,0,0,0,0,0,0,1,"None","None","None","None","None","None","None","None","None","None","None","None","None","None","None","None","None","None","None","None","None","None","None","None","None","None","None","None","None","None","None","None","None","None",0,0,0,0,6,0.5,"0: Broadleaf",2,TRUE,1703975491.8,420.6888,420.015,21.26796,20.6109,420.3176,20.92854,499.9768,90.21926,0.10014622,28.1176,27.49282,999.9,0,0,9960.25,0,0.2454798,0.6740602,429.8306,428.854,0.657068,420.015,20.6109,1.91878,1.8595,16.78958,16.29614,0,0,0,0,2.27962,0,-9.81556,-0.2137,35,38.7748,36.7248,38.0622,35.7996,0,0,0,1703975475.8,0,2.29421153846154,0.173179488241871,-2.60696751150085,-9.71904615384615,15,1703965342.1,13:42:22,1703965326.1,1703965342.1,4,0.04,-0.002,0.37,0.39,420,23,0.31,0.04,0.689261866666667,-0.255116785714286,0.0352054573759366,1,0.653705933333333,0.0458316428571427,0.00336947332119163,1,2,2,"2/2",3.13253,2.77775,0.0898058,0.0898881,0.0942206,0.0929745,34645.2,37959.1,34443.5,37806.1,44072.9,49337.1,53741.1,60552.6,1.96345,1.84465,0.0523664,0,26.6398,999.9,50.031,30.706,24.6007,55.3175,49.0625,1,-0.00277439,0,20.1485,5.19977,12.0099,4.97565,3.294,9999,9999,9999,999.9,1.86324,1.86813,1.86789,1.86904,1.86983,1.86589,1.86696,1.86841,5,0,0,0,11111111,"oooooooo","off","off","off","off",0,100,100,0.371,0.3395,0.0423216469933034,0.00094011373067852,-4.34151045835808e-07,1.387723914529e-10,-0.0481412878089496,-0.02448881951688,0.00297863063736364,-4.41375820948824e-05,5,2316,0,22,169.5,169.2,1.02051,2.62817,1.54785,2.33276,1.64551,2.35352,34.7608,24.1751,18,502.608,423.114,27.6192,27.2874,29.9999,27.3006,27.2617,20.4478,19.4245,100,-999.9,420.036,20.5193,97.6833,98.0274
13,1703976456,1016,2023-12-30 16:47:36,16:47:36,5,"paul.hc.2.18","n","ozzie",1703976452.5,0.00036594665287231,0.365946652872311,-0.725894797933769,420.700500915599,473.991042288229,42.8083569541834,37.9954379033334,0.0169285930999283,2.75386163512014,0.0168709922984712,0.0105495289719125,0,28.0134147864748,28.0134147864748,3.79780839331183,49.7519441751427,1.9006050441039,3.82016235870736,1.89720334920793,-16.1382473916689,14.95329876058,1.18435424005786,-0.00059439103111813,-0.731398111572276,0.365787868263371,-0.725894797933769,428.844311269533,429.738006060606,-0.00092802587648096,64.3705516478908,0.365946652872311,20.6150341017834,21.0449018181818,2.40610823275124e-06,106.884385755986,3,1,1,0,47521,"-","-",0,0,0,0,"-","-",0,0,0,0.5,0,0,0,0,0,0,"-",0,0,0,0,0,0,0,0,1,"None","None","None","None","None","None","None","None","None","None","None","None","None","None","None","None","None","None","None","None","None","None","None","None","None","None","None","None","None","None","None","None","None","None",0,0,0,0,6,0.5,"0: Broadleaf",2,TRUE,1703976452.5,420.7005,420.0075,21.04425,20.61455,420.3295,20.7139166666667,500.0095,90.2147333333333,0.0999628,28.1141333333333,27.5374666666667,999.9,0,0,10010,0,0.232148666666667,0.693069333333333,429.744166666667,428.848,0.4297165,420.0075,20.61455,1.89850166666667,1.859735,16.6223,16.2981166666667,0,0,0,0,2.27558333333333,0,-9.11416666666667,-0.139933333333333,35.2185,39.0621666666667,36.958,38.406,36,0,0,0,1703976436.4,0,2.250252,-0.314930769799515,-1.732015388243,-8.997232,15,1703965342.1,13:42:22,1703965326.1,1703965342.1,4,0.04,-0.002,0.37,0.39,420,23,0.31,0.04,0.6769348,0.364751357142857,0.0357198603248482,1,0.4311268,-0.00905635714285731,0.00092070068969236,1,2,2,"2/2",3.13243,2.77802,0.0897952,0.0898819,0.0934885,0.0929846,34636.2,37947,34434.6,37794.2,44099.7,49322.4,53728.9,60535.1,1.95543,1.84568,0.0497364,0,26.7262,999.9,49.493,30.665,24.2809,55.8776,48.9223,1,0.0059375,0,20.1486,5.19932,12.0099,4.97595,3.294,9999,9999,9999,999.9,1.86323,1.86814,1.86785,1.86905,1.86983,1.86596,1.867,1.86842,5,0,0,0,11111111,"oooooooo","off","off","off","off",0,100,100,0.372,0.3303,0.0423216469933034,0.00094011373067852,-4.34151045835808e-07,1.387723914529e-10,-0.0481412878089496,-0.02448881951688,0.00297863063736364,-4.41375820948824e-05,5,2316,0,22,185.5,185.2,1.02051,2.62817,1.54785,2.33398,1.64673,2.38037,34.7379,24.1751,18,497.844,424.063,27.5354,27.3662,30,27.3533,27.311,20.4547,17.8671,100,-999.9,420.036,20.6656,97.6599,97.9981
14,1703976461,1021,2023-12-30 16:47:41,16:47:41,5,"paul.hc.2.18","n","ozzie",1703976457.8,0.00036507898823555,0.365078988235556,-0.713566586744934,420.694200897017,472.986737295591,42.7174611690731,37.9946978928537,0.0168908881581214,2.75047971663352,0.0168334729383564,0.010526062767144,0,28.0129857519546,28.0129857519546,3.7977134159284,49.7586432619261,1.9007996960664,3.82003923632066,1.896913719862,-16.099983381188,14.916503643757,1.18288681461218,-0.00059292281885525,-0.717229588225433,0.363799294654959,-0.713566586744934,428.863068940423,429.737896969697,-0.00011718922270154,64.3705516478908,0.365078988235556,20.6196677710008,21.0484593939394,9.1946257738538e-06,106.884385755986,3,1,1,0,47777,"-","-",0,0,0,0,"-","-",0,0,0,0.5,0,0,0,0,0,0,"-",0,0,0,0,0,0,0,0,1,"None","None","None","None","None","None","None","None","None","None","None","None","None","None","None","None","None","None","None","None","None","None","None","None","None","None","None","None","None","None","None","None","None","None",0,0,0,0,6,0.5,"0: Broadleaf",2,TRUE,1703976457.8,420.6942,420.0172,21.0465,20.61914,420.323,20.71608,500.013,90.21424,0.1000496,28.11358,27.54034,999.9,0,0,9990.02,0,0.234447,0.6767884,429.7386,428.8602,0.4273734,420.0172,20.61914,1.898696,1.86014,16.6239,16.30154,0,0,0,0,2.21456,0,-9.08032,-0.19212,35.1622,38.9874,36.8874,38.2998,35.9496,0,0,0,1703976441.8,0,2.25127692307692,0.662427349561613,-1.81006154201999,-9.10663461538461,15,1703965342.1,13:42:22,1703965326.1,1703965342.1,4,0.04,-0.002,0.37,0.39,420,23,0.31,0.04,0.693200666666667,-0.180980785714287,0.0196392576087342,1,0.429416,-0.025747928571428,0.00196099804521405,1,2,2,"2/2",3.1324,2.77798,0.0897942,0.0898811,0.0935018,0.0929953,34636.6,37947.4,34434.9,37794.7,44099.3,49322.7,53729.2,60536.3,1.95557,1.8454,0.0497177,0,26.7251,999.9,49.493,30.655,24.2687,55.1376,48.9463,1,0.00602896,0,20.1486,5.19962,12.0098,4.97595,3.294,9999,9999,9999,999.9,1.8632,1.86814,1.86783,1.86904,1.86983,1.86597,1.86698,1.86841,5,0,0,0,11111111,"oooooooo","off","off","off","off",0,100,100,0.371,0.3305,0.0423216469933034,0.00094011373067852,-4.34151045835808e-07,1.387723914529e-10,-0.0481412878089496,-0.02448881951688,0.00297863063736364,-4.41375820948824e-05,5,2316,0,22,185.6,185.3,1.02051,2.62939,1.54785,2.33398,1.64551,2.35352,34.7608,24.1838,18,497.942,423.913,27.5358,27.3662,30.0001,27.3533,27.3119,20.4565,17.8671,100,-999.9,420.036,20.6656,97.6606,97.9997
15,1703976466,1026,2023-12-30 16:47:46,16:47:46,5,"paul.hc.2.18","n","ozzie",1703976462.8,0.00036436948818304,0.364369488183043,-0.69030786401412,420.689400876417,470.922061594345,42.5314236903841,37.9946505163767,0.0168625626498424,2.75378639059566,0.0168054079442566,0.0105084988601137,0,28.011812843935,28.011812843935,3.79745377435689,49.7693498371792,1.90104480182554,3.81970993803379,1.89640897253135,-16.0686944288722,14.8888449905718,1.17926013547297,-0.0005893028274535,-0.696857999453678,0.364240218683057,-0.69030786401412,428.878072842741,429.726981818182,-0.00065440297686243,64.3705516478908,0.364369488183043,20.6212896606541,21.0493466666667,1.91059512016507e-06,106.884385755986,3,1,1,0,47214,"-","-",0,0,0,0,"-","-",0,0,0,0.5,0,0,0,0,0,0,"-",0,0,0,0,0,0,0,0,1,"None","None","None","None","None","None","None","None","None","None","None","None","None","None","None","None","None","None","None","None","None","None","None","None","None","None","None","None","None","None","None","None","None","None",0,0,0,0,6,0.5,"0: Broadleaf",2,TRUE,1703976462.8,420.6894,420.037,21.049,20.62108,420.3184,20.71848,499.9626,90.21522,0.09998746,28.1121,27.541,999.9,0,0,10009.5,0,0.2493414,0.6522768,429.7348,428.8812,0.427949,420.037,20.62108,1.898942,1.860334,16.62594,16.30318,0,0,0,0,2.2722,0,-9.32354,-0.23444,35.125,38.8998,36.8372,38.1996,35.8998,0,0,0,1703976446.6,0,2.27831153846154,-0.0829435945797644,-1.57784273004457,-9.22975769230769,15,1703965342.1,13:42:22,1703965326.1,1703965342.1,4,0.04,-0.002,0.37,0.39,420,23,0.31,0.04,0.6742763125,-0.240634323529413,0.0218838144804521,1,0.428351125,-0.0104800588235314,0.00133320140428031,1,2,2,"2/2",3.13251,2.77794,0.0897935,0.0898829,0.0935073,0.0929882,34636.7,37947.1,34435.1,37794.3,44099.3,49322.4,53729.5,60535.4,1.95548,1.84492,0.0501946,0,26.7242,999.9,49.493,30.655,24.2645,56.2576,49.0705,1,0.0061128,0,20.1486,5.19992,12.0099,4.97575,3.29398,9999,9999,9999,999.9,1.86321,1.86813,1.86786,1.86904,1.86984,1.86595,1.86698,1.8684,5,0,0,0,11111111,"oooooooo","off","off","off","off",0,100,100,0.371,0.3306,0.0423216469933034,0.00094011373067852,-4.34151045835808e-07,1.387723914529e-10,-0.0481412878089496,-0.02448881951688,0.00297863063736364,-4.41375820948824e-05,5,2316,0,22,185.7,185.4,1.02051,2.63062,1.54785,2.33398,1.64673,2.31567,34.7379,24.1751,18,497.877,423.643,27.5359,27.3662,30.0002,27.3533,27.3119,20.4566,17.8671,100,-999.9,420.036,20.6656,97.6612,97.9985
16,1703976471,1031,2023-12-30 16:47:51,16:47:51,5,"paul.hc.2.18","n","ozzie",1703976467.8,0.00036706743272734,0.36706743272734,-0.698615575887411,420.689200884789,471.197263172684,42.5573530208725,37.9955917264347,0.016995234436121,2.74795928974504,0.016937055843115,0.0105908703350255,0,28.0088116486451,28.0088116486451,3.79678948325665,49.7776193257716,1.90113253829189,3.81925163164162,1.89565694496476,-16.1876737832757,14.996775896337,1.19029748045611,-0.00060040648264703,-0.696945765938371,0.367453686486474,-0.698615575887411,428.877664155373,429.733654545454,-1.04203036542082e-05,64.3705516478908,0.36706743272734,20.617446935767,21.0486587878788,-3.27712125149211e-06,106.884385755986,3,1,1,0,47495,"-","-",0,0,0,0,"-","-",0,0,0,0.5,0,0,0,0,0,0,"-",0,0,0,0,0,0,0,0,1,"None","None","None","None","None","None","None","None","None","None","None","None","None","None","None","None","None","None","None","None","None","None","None","None","None","None","None","None","None","None","None","None","None","None",0,0,0,0,6,0.5,"0: Broadleaf",2,TRUE,1703976467.8,420.6892,420.0384,21.04944,20.6178,420.3182,20.7189,500.0264,90.21744,0.1000477,28.11004,27.54042,999.9,0,0,9974.75,0,0.265339,0.6508974,429.7348,428.881,0.4316394,420.0384,20.6178,1.899026,1.860084,16.62664,16.30108,0,0,0,0,2.26108,0,-9.96904,-0.1851,35.0872,38.8122,36.7872,38.0996,35.8498,0,0,0,1703976451.4,0,2.25368076923077,-0.544974359300192,-4.72009228985901,-9.46728846153846,15,1703965342.1,13:42:22,1703965326.1,1703965342.1,4,0.04,-0.002,0.37,0.39,420,23,0.31,0.04,0.660931466666667,-0.145449214285714,0.0206983198540901,1,0.429049733333333,0.027583714285715,0.00226165412818926,1,2,2,"2/2",3.13235,2.77793,0.0897944,0.0898955,0.0935012,0.0929872,34636.7,37946.5,34435.1,37794.3,44099.5,49322.6,53729.5,60535.6,1.95527,1.84512,0.0497326,0,26.7223,999.9,49.493,30.635,24.2405,56.1476,49.2107,1,0.00582317,0,20.1485,5.19947,12.0099,4.9756,3.2939,9999,9999,9999,999.9,1.86324,1.86813,1.86788,1.86904,1.86984,1.86594,1.86696,1.86838,5,0,0,0,11111111,"oooooooo","off","off","off","off",0,100,100,0.371,0.3305,0.0423216469933034,0.00094011373067852,-4.34151045835808e-07,1.387723914529e-10,-0.0481412878089496,-0.02448881951688,0.00297863063736364,-4.41375820948824e-05,5,2316,0,22,185.7,185.5,1.02051,2.64038,1.54785,2.33276,1.64551,2.24854,34.7608,24.1751,18,497.76,423.756,27.5362,27.3672,30,27.3547,27.3119,20.4544,17.8671,100,-999.9,420.036,20.6656,97.6611,97.9987
17,1703976476,1036,2023-12-30 16:47:56,16:47:56,5,"paul.hc.2.18","n","ozzie",1703976472.8,0.00036422472397844,0.364224723978444,-0.674378211918246,420.703800849958,469.443027029943,42.3984929405681,37.9965322805175,0.0168657058274714,2.75411138786921,0.0168085365739781,0.0105104555555335,0,28.0066432664839,28.0066432664839,3.79630959191608,49.7823610352106,1.90096369604338,3.81854869177225,1.89534589587271,-16.0623103274494,14.8831154246417,1.17860621275986,-0.00058869004782557,-0.653234812341801,0.364586878325891,-0.674378211918246,428.953874633622,429.77383030303,0.00135980952572355,64.3705516478908,0.364224723978444,20.6196559724699,21.0475206060606,-1.29133012942332e-06,106.884385755986,3,1,1,0,47552,"-","-",0,0,0,0,"-","-",0,0,0,0.5,0,0,0,0,0,0,"-",0,0,0,0,0,0,0,0,1,"None","None","None","None","None","None","None","None","None","None","None","None","None","None","None","None","None","None","None","None","None","None","None","None","None","None","None","None","None","None","None","None","None","None",0,0,0,0,6,0.5,"0: Broadleaf",2,TRUE,1703976472.8,420.7038,420.104,21.04778,20.6195,420.3328,20.71726,500.0184,90.21672,0.09986902,28.10688,27.53582,999.9,0,0,10011.26,0,0.2388602,0.60022,429.7494,428.9486,0.4282728,420.104,20.6195,1.898858,1.860222,16.62528,16.30224,0,0,0,0,2.1953,0,-9.78274,-0.1721,35.0372,38.7374,36.7374,37.9998,35.812,0,0,0,1703976456.8,0,2.240336,0.151092313890258,-2.58591537742955,-9.724832,15,1703965342.1,13:42:22,1703965326.1,1703965342.1,4,0.04,-0.002,0.37,0.39,420,23,0.31,0.04,0.6368238125,-0.331148029411767,0.0373610551229799,1,0.429252375,0.00187199999999942,0.00211141661198707,1,2,2,"2/2",3.13235,2.77817,0.0898025,0.089883,0.0934996,0.092997,34636.3,37946.9,34434.9,37794.2,44099.4,49321.9,53729.2,60535.4,1.9551,1.8452,0.0494197,0,26.7212,999.9,49.493,30.635,24.2423,55.8276,49.1546,1,0.00626016,0,20.1486,5.19977,12.0099,4.976,3.294,9999,9999,9999,999.9,1.86323,1.86813,1.86791,1.86904,1.86984,1.86593,1.86697,1.86838,5,0,0,0,11111111,"oooooooo","off","off","off","off",0,100,100,0.371,0.3305,0.0423216469933034,0.00094011373067852,-4.34151045835808e-07,1.387723914529e-10,-0.0481412878089496,-0.02448881951688,0.00297863063736364,-4.41375820948824e-05,5,2316,0,22,185.8,185.6,1.02051,2.63672,1.54785,2.33276,1.64551,2.2522,34.7379,24.1751,18,497.654,423.813,27.5363,27.3686,30.0001,27.3555,27.3139,20.4535,17.8671,100,-999.9,420.036,20.6656,97.6606,97.9984
18,1703976481,1041,2023-12-30 16:48:01,16:48:01,5,"paul.hc.2.18","n","ozzie",1703976477.8,0.00036221392973241,0.362213929732418,-0.708249811184182,420.723800889166,472.978436288104,42.7176407964297,37.9981978500698,0.0167786550418466,2.7552451811234,0.0167220965431228,0.0104563759242298,0,28.0038544121092,28.0038544121092,3.7956924597564,49.7949125350058,1.90106864603265,3.81779693798277,1.89462381372375,-15.9736343011996,14.8014331699638,1.17161937660777,-0.00058175462808129,-0.736942626914613,0.361489105000947,-0.708249811184182,428.864476163642,429.7392,-0.00150078514825868,64.3705516478908,0.362213929732418,20.6248395063779,21.0502884848485,5.44431143398842e-06,106.884385755986,3,1,1,0,47706,"-","-",0,0,0,0,"-","-",0,0,0,0.5,0,0,0,0,0,0,"-",0,0,0,0,0,0,0,0,1,"None","None","None","None","None","None","None","None","None","None","None","None","None","None","None","None","None","None","None","None","None","None","None","None","None","None","None","None","None","None","None","None","None","None",0,0,0,0,6,0.5,"0: Broadleaf",2,TRUE,1703976477.8,420.7238,420.022,21.04902,20.62438,420.3526,20.71848,500.019,90.21638,0.09987444,28.1035,27.52868,999.9,0,0,10018.02,0,0.2449284,0.7018312,429.7702,428.8668,0.4246418,420.022,20.62438,1.898968,1.860658,16.62614,16.3059,0,0,0,0,2.1831,0,-9.85296,-0.1937,35,38.6748,36.687,37.9122,35.7748,0,0,0,1703976461.6,0,2.227244,0.158561542507817,0.668253852755089,-9.893684,15,1703965342.1,13:42:22,1703965326.1,1703965342.1,4,0.04,-0.002,0.37,0.39,420,23,0.31,0.04,0.6552634,0.288835499999999,0.0564643004310984,1,0.428262,-0.043533428571428,0.00322011916963746,1,2,2,"2/2",3.13248,2.77819,0.0897935,0.0898837,0.0935066,0.0930166,34636.6,37946.8,34435,37794.1,44099.4,49320.8,53729.6,60535.4,1.9551,1.84535,0.0495017,0,26.7197,999.9,49.493,30.655,24.2669,55.4776,48.8742,1,0.00596291,0,20.1486,5.20022,12.0099,4.9757,3.294,9999,9999,9999,999.9,1.86324,1.86813,1.86792,1.86904,1.86985,1.86595,1.86701,1.86838,5,0,0,0,11111111,"oooooooo","off","off","off","off",0,100,100,0.371,0.3306,0.0423216469933034,0.00094011373067852,-4.34151045835808e-07,1.387723914529e-10,-0.0481412878089496,-0.02448881951688,0.00297863063736364,-4.41375820948824e-05,5,2316,0,22,185.9,185.6,1.02051,2.62939,1.54785,2.33276,1.64673,2.34497,34.7608,24.1751,18,497.654,423.902,27.5364,27.3686,30.0001,27.3555,27.3142,20.4544,17.8671,100,-999.9,420.036,20.6656,97.6611,97.9983
19,1703976486,1046,2023-12-30 16:48:06,16:48:06,5,"paul.hc.2.18","n","ozzie",1703976482.8,0.00036066891223947,0.360668912239478,-0.73372008090604,420.70900092519,475.633125632483,42.9563759594054,37.9959532659053,0.0167133773720702,2.75414556340152,0.0166572349812903,0.0104158002346843,0,28.0012425243455,28.0012425243455,3.79511456705873,49.8088608681858,1.90126887574774,3.81712980904995,1.89384569131099,-15.905499029761,14.7378984360606,1.16702337303653,-0.00057722066383547,-0.714791622392146,0.359605197398279,-0.73372008090604,428.879484600315,429.774781818182,0.00079981609136373,64.3705516478908,0.360668912239478,20.6297538015815,21.0533866666667,7.27330416199838e-06,106.884385755986,3,1,1,0,47527,"-","-",0,0,0,0,"-","-",0,0,0,0.5,0,0,0,0,0,0,"-",0,0,0,0,0,0,0,0,1,"None","None","None","None","None","None","None","None","None","None","None","None","None","None","None","None","None","None","None","None","None","None","None","None","None","None","None","None","None","None","None","None","None","None",0,0,0,0,6,0.5,"0: Broadleaf",2,TRUE,1703976482.8,420.709,420.0328,21.05174,20.6293,420.338,20.72112,500.0022,90.21404,0.1000564,28.1005,27.52738,999.9,0,0,10011.76,0,0.2388604,0.6763672,429.7564,428.8804,0.4224428,420.0328,20.6293,1.899164,1.861054,16.62778,16.30926,0,0,0,0,2.21668,0,-9.98626,-0.25332,34.9622,38.5998,36.6374,37.8372,35.7374,0,0,0,1703976466.4,0,2.245964,-0.216746149066329,-0.87648463002265,-9.906052,15,1703965342.1,13:42:22,1703965326.1,1703965342.1,4,0.04,-0.002,0.37,0.39,420,23,0.31,0.04,0.658826875,0.408719294117646,0.0557589742685819,1,0.425389625,-0.0357430588235311,0.00285056057809249,1,2,2,"2/2",3.13245,2.77801,0.0897969,0.0898872,0.0935151,0.0930254,34636.4,37946.5,34434.8,37794,44098.6,49320.1,53729.1,60535.1,1.95508,1.8451,0.0494272,0,26.7174,999.9,49.493,30.655,24.2705,55.8176,48.9343,1,0.00623984,0,20.1488,5.20037,12.0099,4.97575,3.294,9999,9999,9999,999.9,1.86324,1.86813,1.86786,1.86905,1.86984,1.86592,1.86697,1.8684,5,0,0,0,11111111,"oooooooo","off","off","off","off",0,100,100,0.371,0.3307,0.0423216469933034,0.00094011373067852,-4.34151045835808e-07,1.387723914529e-10,-0.0481412878089496,-0.02448881951688,0.00297863063736364,-4.41375820948824e-05,5,2316,0,22,186,185.7,1.02051,2.62817,1.54785,2.33398,1.64673,2.34131,34.7379,24.1751,18,497.638,423.759,27.5364,27.3686,30.0001,27.3555,27.3142,20.4518,17.8671,100,-999.9,420.036,20.6656,97.6605,97.9978
20,1703976491,1051,2023-12-30 16:48:11,16:48:11,5,"paul.hc.2.18","n","ozzie",1703976487.8,0.00036039212399535,0.360392123995355,-0.706180383989214,420.72420089252,473.078049784946,42.7252286595392,37.9969810349608,0.0167077570945629,2.7477521293759,0.0166515223181461,0.0104122380635769,0,27.9990247495321,27.9990247495321,3.79462393400479,49.8235306733243,1.9015984158812,3.81666732602578,1.89302551812359,-15.8932926681952,14.7240956116602,1.1686182405062,-0.00057881602871212,-0.721217623013345,0.359378317228675,-0.706180383989214,428.90797076129,429.77343030303,-4.69346986426053e-05,64.3705516478908,0.360392123995355,20.6338512009115,21.057146060606,7.19224612423348e-06,106.884385755986,3,1,1,0,47597,"-","-",0,0,0,0,"-","-",0,0,0,0.5,0,0,0,0,0,0,"-",0,0,0,0,0,0,0,0,1,"None","None","None","None","None","None","None","None","None","None","None","None","None","None","None","None","None","None","None","None","None","None","None","None","None","None","None","None","None","None","None","None","None","None",0,0,0,0,6,0.5,"0: Broadleaf",2,TRUE,1703976487.8,420.7242,420.0402,21.05558,20.63342,420.3532,20.72476,500.0162,90.21314,0.10013638,28.09842,27.52406,999.9,0,0,9974,0,0.2427218,0.6841616,429.7734,428.8898,0.4221816,420.0402,20.63342,1.899488,1.861402,16.63048,16.3122,0,0,0,0,2.23806,0,-10.19262,-0.30148,34.937,38.5372,36.5746,37.7624,35.687,0,0,0,1703976471.8,0,2.22634615384615,0.0671316276405065,-2.41673506140559,-10.0865730769231,15,1703965342.1,13:42:22,1703965326.1,1703965342.1,4,0.04,-0.002,0.37,0.39,420,23,0.31,0.04,0.690698266666667,-0.164407500000002,0.0329957094937441,1,0.4230304,-0.0155245714285715,0.00134467551476182,1,2,2,"2/2",3.13239,2.77785,0.0897976,0.0898733,0.0935251,0.0930439,34636.4,37947,34434.8,37793.9,44097.9,49319.2,53728.9,60535.3,1.95543,1.84512,0.0491962,0,26.7155,999.9,49.518,30.655,24.2802,55.4676,48.9864,1,0.00619665,0,20.1487,5.20067,12.0099,4.97575,3.294,9999,9999,9999,999.9,1.86323,1.86813,1.86785,1.86903,1.86985,1.86595,1.86698,1.8684,5,0,0,0,11111111,"oooooooo","off","off","off","off",0,100,100,0.371,0.3308,0.0423216469933034,0.00094011373067852,-4.34151045835808e-07,1.387723914529e-10,-0.0481412878089496,-0.02448881951688,0.00297863063736364,-4.41375820948824e-05,5,2316,0,22,186.1,185.8,1.02051,2.62329,1.54785,2.33398,1.64551,2.32666,34.7608,24.1838,18,497.878,423.775,27.5364,27.3686,30,27.357,27.3144,20.4551,17.8671,100,-999.9,420.036,20.6656,97.6603,97.9979
21,1703976496,1056,2023-12-30 16:48:16,16:48:16,5,"paul.hc.2.18","n","ozzie",1703976492.8,0.00035863813302658,0.358638133026585,-0.67458490772223,420.686800851671,470.366509096368,42.4802433676026,37.9935164092557,0.0166275098952511,2.75233474906678,0.0165719054397991,0.0103624211606299,0,27.9989610357179,27.9989610357179,3.7946098395668,49.829613266067,1.90175301722233,3.81651169369478,1.89285682234447,-15.8159416664724,14.6542374153018,1.161132823943,-0.00057142722765846,-0.699605767383227,0.358476809152439,-0.67458490772223,428.859796278564,429.693448484848,-0.00151850991422571,64.3705516478908,0.358638133026585,20.6365885811824,21.0578987878788,2.47740401211954e-06,106.884385755986,3,1,1,0,47519,"-","-",0,0,0,0,"-","-",0,0,0,0.5,0,0,0,0,0,0,"-",0,0,0,0,0,0,0,0,1,"None","None","None","None","None","None","None","None","None","None","None","None","None","None","None","None","None","None","None","None","None","None","None","None","None","None","None","None","None","None","None","None","None","None",0,0,0,0,6,0.5,"0: Broadleaf",2,TRUE,1703976492.8,420.6868,420.0282,21.05734,20.6362,420.3158,20.72646,499.969,90.21318,0.0998898,28.09772,27.52074,999.9,0,0,10001.124,0,0.2509964,0.6585938,429.736,428.8788,0.4211538,420.0282,20.6362,1.899648,1.861654,16.6318,16.3143,0,0,0,0,2.19746,0,-10.29314,-0.25636,34.8874,38.4874,36.5248,37.6996,35.6498,0,0,0,1703976476.6,0,2.22798461538462,0.0599179524248863,-3.22980514336572,-10.2608153846154,15,1703965342.1,13:42:22,1703965326.1,1703965342.1,4,0.04,-0.002,0.37,0.39,420,23,0.31,0.04,0.671358125,-0.101782235294119,0.0442626790943496,1,0.421855,-0.00736041176470649,0.00088325817290303,1,2,2,"2/2",3.13233,2.77807,0.0897836,0.0898835,0.0935294,0.0930394,34636.5,37946.7,34434.5,37794,44097.4,49319.6,53728.5,60535.4,1.95492,1.84533,0.0496209,0,26.7133,999.9,49.518,30.655,24.2823,55.8376,49.2027,1,0.00625508,0,20.1485,5.20052,12.0099,4.97575,3.29398,9999,9999,9999,999.9,1.86324,1.86813,1.86792,1.86905,1.86984,1.86592,1.86699,1.86842,5,0,0,0,11111111,"oooooooo","off","off","off","off",0,100,100,0.371,0.3309,0.0423216469933034,0.00094011373067852,-4.34151045835808e-07,1.387723914529e-10,-0.0481412878089496,-0.02448881951688,0.00297863063736364,-4.41375820948824e-05,5,2316,0,22,186.2,185.9,1.02051,2.63916,1.54785,2.33276,1.64673,2.24487,34.7608,24.1663,18,497.56,423.904,27.5363,27.3708,30.0001,27.3578,27.3165,20.4534,17.8671,100,-999.9,420.036,20.6656,97.6594,97.9982
22,1703976501,1061,2023-12-30 16:48:21,16:48:21,5,"paul.hc.2.18","n","ozzie",1703976497.8,0.00036158499684344,0.361584996843444,-0.673245683099929,420.65640084763,469.664724659065,42.4165584549781,37.9904980706535,0.0167731735274976,2.75482981949001,0.0167166434192907,0.0104529651818537,0,27.9953929081016,27.9953929081016,3.79382058986555,49.8428015731004,1.90194166009748,3.81588032789059,1.89187892976807,-15.9458983607959,14.775662239808,1.1696562485653,-0.00057987242255563,-0.676881546003549,0.360582838480268,-0.673245683099929,428.896074858467,429.719272727272,0.00035961852297837,64.3705516478908,0.361584996843444,20.6360314309933,21.0607315151515,4.75434886945768e-06,106.884385755986,3,1,1,0,47580,"-","-",0,0,0,0,"-","-",0,0,0,0.5,0,0,0,0,0,0,"-",0,0,0,0,0,0,0,0,1,"None","None","None","None","None","None","None","None","None","None","None","None","None","None","None","None","None","None","None","None","None","None","None","None","None","None","None","None","None","None","None","None","None","None",0,0,0,0,6,0.5,"0: Broadleaf",2,TRUE,1703976497.8,420.6564,420.0262,21.05958,20.63602,420.2852,20.72862,500.0318,90.21248,0.09994124,28.09488,27.52888,999.9,0,0,10015.99,0,0.2416184,0.6301512,429.706,428.8766,0.4235568,420.0262,20.63602,1.899838,1.861628,16.63338,16.31408,0,0,0,0,2.1633,0,-10.68422,-0.27414,34.8498,38.3998,36.5,37.6248,35.6124,0,0,0,1703976481.4,0,2.22756923076923,0.174461546596091,-3.26776069735163,-10.6289615384615,15,1703965342.1,13:42:22,1703965326.1,1703965342.1,4,0.04,-0.002,0.37,0.39,420,23,0.31,0.04,0.658874466666667,-0.256265142857143,0.0511163671346946,1,0.422221333333333,0.00982349999999925,0.00130978953355958,1,2,2,"2/2",3.13229,2.7781,0.0897846,0.0898712,0.0935373,0.0930418,34636.5,37947,34434.5,37793.8,44097.1,49319.1,53728.6,60535,1.955,1.84512,0.0501573,0,26.7099,999.9,49.518,30.655,24.2788,55.7876,49.1947,1,0.00633638,0,20.1486,5.20007,12.0099,4.9757,3.294,9999,9999,9999,999.9,1.86324,1.86813,1.86789,1.86905,1.86984,1.86596,1.86699,1.86842,5,0,0,0,11111111,"oooooooo","off","off","off","off",0,100,100,0.371,0.331,0.0423216469933034,0.00094011373067852,-4.34151045835808e-07,1.387723914529e-10,-0.0481412878089496,-0.02448881951688,0.00297863063736364,-4.41375820948824e-05,5,2316,0,22,186.2,186,1.02051,2.63794,1.54785,2.33398,1.64673,2.27417,34.7608,24.1751,18,497.609,423.79,27.5363,27.3708,30.0002,27.3578,27.3165,20.4563,17.8671,100,-999.9,420.036,20.6656,97.6595,97.9976
23,1703976506,1066,2023-12-30 16:48:26,16:48:26,5,"paul.hc.2.18","n","ozzie",1703976502.8,0.00036277353493301,0.362773534933014,-0.719947061839326,420.668000909189,473.810314862205,42.7915259130713,37.9920510319421,0.0168400482475397,2.75046080907408,0.0167829771146662,0.0104944721087181,0,27.9907186859958,27.9907186859958,3.79278689500175,49.8606330304629,1.9021566167358,3.81494678491879,1.89063027826595,-15.9983128905459,14.8225478444402,1.17517964933519,-0.00058539677048763,-0.699323325819388,0.362366959421919,-0.719947061839326,428.844792300809,429.725751515151,0.00023601176835125,64.3705516478908,0.362773534933014,20.6360179798341,21.0621175757576,2.30949636090249e-06,106.884385755986,3,1,1,0,47559,"-","-",0,0,0,0,"-","-",0,0,0,0.5,0,0,0,0,0,0,"-",0,0,0,0,0,0,0,0,1,"None","None","None","None","None","None","None","None","None","None","None","None","None","None","None","None","None","None","None","None","None","None","None","None","None","None","None","None","None","None","None","None","None","None",0,0,0,0,6,0.5,"0: Broadleaf",2,TRUE,1703976502.8,420.668,420.0118,21.06168,20.63604,420.2968,20.73066,500.0492,90.2135,0.1001225,28.09068,27.5253,999.9,0,0,9989.99,0,0.234447,0.6563842,429.7188,428.8618,0.4256288,420.0118,20.63604,1.900048,1.86165,16.6351,16.31428,0,0,0,0,2.22148,0,-11.01704,-0.31156,34.812,38.3372,36.4496,37.5496,35.562,0,0,0,1703976486.8,0,2.244788,0.474000010576621,-3.67118463140139,-10.870496,15,1703965342.1,13:42:22,1703965326.1,1703965342.1,4,0.04,-0.002,0.37,0.39,420,23,0.31,0.04,0.6560973125,-0.202827264705884,0.0499718800510832,1,0.4232866875,0.0263130882352941,0.0020928454827922,1,2,2,"2/2",3.13252,2.7778,0.0897883,0.0898876,0.0935417,0.0930414,34636.1,37945.8,34434.3,37793.3,44096.7,49318.6,53728.4,60534.4,1.95515,1.84495,0.0496656,0,26.7084,999.9,49.518,30.655,24.2804,55.6176,48.9904,1,0.00637703,0,20.1487,5.20067,12.0099,4.9755,3.294,9999,9999,9999,999.9,1.86324,1.86813,1.86787,1.86905,1.86982,1.86594,1.86699,1.86839,5,0,0,0,11111111,"oooooooo","off","off","off","off",0,100,100,0.371,0.3311,0.0423216469933034,0.00094011373067852,-4.34151045835808e-07,1.387723914529e-10,-0.0481412878089496,-0.02448881951688,0.00297863063736364,-4.41375820948824e-05,5,2316,0,22,186.3,186.1,1.02051,2.63428,1.54785,2.33398,1.64673,2.33643,34.7379,24.1751,18,497.707,423.691,27.5361,27.3708,30.0002,27.3578,27.3165,20.4539,17.8671,100,-999.9,420.036,20.6656,97.659,97.9964
24,1703976511,1071,2023-12-30 16:48:31,16:48:31,5,"paul.hc.2.18","n","ozzie",1703976507.8,0.00036303396246613,0.363033962466133,-0.660459507648107,420.679200830659,468.174328758189,42.2829394597595,37.9934398109427,0.0168630395715407,2.75554627566098,0.0168059180103891,0.0105088146927483,0,27.985517609134,27.985517609134,3.79163697610284,49.8771892028852,1.90220079333707,3.81376902695838,1.88943618276577,-16.0097977447565,14.8352582797417,1.17395524674699,-0.00058421826775045,-0.654967289116239,0.362930129299437,-0.660459507648107,428.93417906166,429.742012121212,0.00032069010168226,64.3705516478908,0.363033962466133,20.6355169060438,21.0620175757576,1.67665071678625e-07,106.884385755986,3,1,1,0,47611,"-","-",0,0,0,0,"-","-",0,0,0,0.5,0,0,0,0,0,0,"-",0,0,0,0,0,0,0,0,1,"None","None","None","None","None","None","None","None","None","None","None","None","None","None","None","None","None","None","None","None","None","None","None","None","None","None","None","None","None","None","None","None","None","None",0,0,0,0,6,0.5,"0: Broadleaf",2,TRUE,1703976507.8,420.6792,420.0764,21.06196,20.63558,420.3082,20.7309,499.957,90.21472,0.09979932,28.08538,27.51812,999.9,0,0,10019.99,0,0.2454798,0.6026732,429.7304,428.9278,0.426397,420.0764,20.63558,1.900102,1.861634,16.63554,16.31414,0,0,0,0,2.30692,0,-11.39946,-0.30196,34.7624,38.2996,36.3874,37.4748,35.5124,0,0,0,1703976491.6,0,2.268796,0.552469243728405,-2.99657693759897,-11.161704,15,1703965342.1,13:42:22,1703965326.1,1703965342.1,4,0.04,-0.002,0.37,0.39,420,23,0.31,0.04,0.630137,-0.158901857142857,0.0344993211005666,1,0.425254533333333,0.0167415000000001,0.00129394151679621,1,2,2,"2/2",3.13251,2.77829,0.0897937,0.089881,0.0935425,0.09304,34636.2,37945.7,34434.5,37792.9,44096.9,49318.2,53728.8,60533.8,1.9548,1.84515,0.0495389,0,26.7065,999.9,49.518,30.655,24.2797,55.4476,48.8662,1,0.00644055,0,20.1486,5.20052,12.0099,4.9757,3.29398,9999,9999,9999,999.9,1.86325,1.86813,1.86785,1.86905,1.86984,1.86594,1.86699,1.8684,5,0,0,0,11111111,"oooooooo","off","off","off","off",0,100,100,0.371,0.3311,0.0423216469933034,0.00094011373067852,-4.34151045835808e-07,1.387723914529e-10,-0.0481412878089496,-0.02448881951688,0.00297863063736364,-4.41375820948824e-05,5,2316,0,22,186.4,186.1,1.02051,2.62817,1.54785,2.33276,1.64551,2.35718,34.7608,24.1751,18,497.497,423.804,27.5358,27.3708,30.0002,27.3599,27.3165,20.4547,17.8671,100,-999.9,420.036,20.6656,97.6597,97.9954
25,1703977172.1,1732.09999990463,2023-12-30 16:59:32,16:59:32,5,"ryan.hc.2.34","n","ozzie",1703977169.1,0.00056187080691321,0.56187080691322,-0.845521540371788,420.785601069929,456.738541277216,41.2478018800275,38.0009119842729,0.0267801708621639,2.75152564234648,0.0266362073060082,0.016660499473619,0,27.75717322115,27.75717322115,3.74145063259983,50.2170718109182,1.89589858489853,3.7754064833512,1.8455520477013,-24.778502584873,22.9611095378835,1.81599124847354,-0.00140179851596045,-0.87164845967292,0.563140064218565,-0.845521540371788,428.747751521724,429.78403030303,-0.00013555426945372,64.3966823808694,0.56187080691322,20.331705814351,20.9922484848485,-6.15483420061309e-05,106.622489744898,0,0,1,0,47431,"-","-",0,0,0,0,"-","-",0,0,0,0.5,0,0,0,0,0,0,"-",0,0,0,0,0,0,0,0,1,"None","None","None","None","None","None","None","None","None","None","None","None","None","None","None","None","None","None","None","None","None","None","None","None","None","None","None","None","None","None","None","None","None","None",0,0,0,0,6,0.5,"0: Broadleaf",2,TRUE,1703977169.1,420.7856,420.024,20.99336,20.3318,420.4144,20.6651,500.0162,90.2094,0.10003998,27.91196,27.08732,999.9,0,0,9996.75,0,0.2634084,0.7618286,429.809,428.741,0.6615776,420.024,20.3318,1.893802,1.834122,16.5833,16.08064,0,0,0,0,2.28788,0,-9.56996,-0.07108,35.062,40.5872,37.375,40.1374,36.2748,0,0,0,1703977152.8,0,2.227644,-0.0098923107455678,2.61620000771313,-9.697836,15,1703965342.1,13:42:22,1703965326.1,1703965342.1,4,0.04,-0.002,0.37,0.39,420,23,0.31,0.04,0.7637024,0.115846928571428,0.0288299348543604,1,0.660942733333333,0.0120782142857151,0.00105362222620614,1,2,2,"2/2",3.13242,2.77794,0.0898039,0.0898734,0.0933224,0.0920478,34637.8,37949.9,34436.3,37796.7,44109.8,49377.5,53731.2,60539.3,1.96253,1.8465,0.0391714,0,26.4453,999.9,49.103,30.635,24.0486,55.5658,48.9864,1,0.00330793,0,20.1505,5.20007,12.0099,4.9757,3.294,9999,9999,9999,999.9,1.86325,1.86813,1.86788,1.86905,1.86984,1.8659,1.86697,1.86842,5,0,0,0,11111111,"oooooooo","off","off","off","off",0,100,100,0.371,0.3283,0.0423216469933034,0.00094011373067852,-4.34151045835808e-07,1.387723914529e-10,-0.0481412878089496,-0.02448881951688,0.00297863063736364,-4.41375820948824e-05,5,2316,0,22,197.4,197.2,1.02051,2.63672,1.54785,2.33398,1.64673,2.27173,34.715,24.1751,18,502.342,424.439,27.4452,27.3361,30.0001,27.3385,27.2982,20.4563,18.161,100,-999.9,420.036,20.3343,97.6644,98.0047
26,1703977177.1,1737.09999990463,2023-12-30 16:59:37,16:59:37,5,"ryan.hc.2.34","n","ozzie",1703977173.9,0.00056131192605894,0.561311926058946,-0.878241322408147,420.769801107149,458.704243958755,41.4255700795069,37.9997113884816,0.0267546642394724,2.75541835253393,0.0266111758160641,0.0166448124676756,0,27.7566295379764,27.7566295379764,3.74133183507698,50.2189070063347,1.89586833253776,3.77520827424343,1.84546350253922,-24.7538559391995,22.9406627729264,1.81179782141306,-0.0013953448600894,-0.876229544203149,0.561064529194936,-0.878241322408147,428.715717426157,429.791509090909,-1.43192829589076e-07,64.3966823808694,0.561311926058946,20.3338649726997,20.9932084848485,1.39131172438001e-05,106.622489744898,0,0,1,0,47501,"-","-",0,0,0,0,"-","-",0,0,0,0.5,0,0,0,0,0,0,"-",0,0,0,0,0,0,0,0,1,"None","None","None","None","None","None","None","None","None","None","None","None","None","None","None","None","None","None","None","None","None","None","None","None","None","None","None","None","None","None","None","None","None","None",0,0,0,0,6,0.5,"0: Broadleaf",2,TRUE,1703977173.9,420.7698,420.0016,20.9929,20.33374,420.3988,20.66464,499.9874,90.21014,0.09983778,27.91106,27.0803,999.9,0,0,10019.74,0,0.2551336,0.7684082,429.7926,428.719,0.6591662,420.0016,20.33374,1.893772,1.834312,16.58308,16.08226,0,0,0,0,2.18266,0,-9.2483,-0.04182,35.062,40.6374,37.3874,40.2122,36.312,0,0,0,1703977157.6,0,2.187896,-0.144338453912545,3.39682307645123,-9.470484,15,1703965342.1,13:42:22,1703965326.1,1703965342.1,4,0.04,-0.002,0.37,0.39,420,23,0.31,0.04,0.776452666666667,-0.111327857142856,0.0165330414530687,1,0.661024733333333,-0.00702600000000142,0.00132463783561982,1,2,2,"2/2",3.13226,2.7782,0.0897991,0.0898774,0.0933244,0.0920712,34638.2,37949.6,34436.5,37796.5,44109.7,49376.3,53731.2,60539.4,1.96275,1.84667,0.0384934,0,26.4453,999.9,49.078,30.625,24.0262,55.6958,49.1947,1,0.00325457,0,20.1505,5.19977,12.0099,4.97565,3.294,9999,9999,9999,999.9,1.86324,1.86813,1.86787,1.86904,1.86982,1.86591,1.86698,1.86841,5,0,0,0,11111111,"oooooooo","off","off","off","off",0,100,100,0.371,0.3283,0.0423216469933034,0.00094011373067852,-4.34151045835808e-07,1.387723914529e-10,-0.0481412878089496,-0.02448881951688,0.00297863063736364,-4.41375820948824e-05,5,2316,0,22,197.5,197.2,1.02173,2.63916,1.54785,2.33398,1.64673,2.2583,34.715,24.1751,18,502.477,424.533,27.4445,27.3361,30.0001,27.3372,27.2973,20.4573,18.161,100,-999.9,420.036,20.3325,97.6647,98.0046
27,1703977182.1,1742.09999990463,2023-12-30 16:59:42,16:59:42,5,"ryan.hc.2.34","n","ozzie",1703977178.9,0.00056397504478822,0.56397504478823,-0.818217124929031,420.75160103603,454.904382936546,41.0808797845516,37.9966572969463,0.0268886166101854,2.74855899815742,0.0267433324183111,0.0167275703983105,0,27.7555580536086,27.7555580536086,3.74109771995909,50.225308837496,1.8961122271954,3.77521267879163,1.84498549276369,-24.8712994751609,23.0452906493437,1.82459369043685,-0.00141513538033777,-0.809800329820352,0.561537934544786,-0.818217124929031,428.781049145018,429.78306060606,3.76828503731488e-05,64.3966823808694,0.56397504478823,20.3371237316464,20.9989272727273,9.3393409620316e-05,106.622489744898,0,0,1,0,47483,"-","-",0,0,0,0,"-","-",0,0,0,0.5,0,0,0,0,0,0,"-",0,0,0,0,0,0,0,0,1,"None","None","None","None","None","None","None","None","None","None","None","None","None","None","None","None","None","None","None","None","None","None","None","None","None","None","None","None","None","None","None","None","None","None",0,0,0,0,6,0.5,"0: Broadleaf",2,TRUE,1703977178.9,420.7516,420.0634,20.99638,20.33672,420.3804,20.66794,500.0282,90.2065,0.10012558,27.91108,27.07434,999.9,0,0,9979.508,0,0.2509964,0.6882446,429.7752,428.7834,0.659634,420.0634,20.33672,1.89401,1.834508,16.58506,16.08394,0,0,0,0,2.31396,0,-9.2033,-0.0392,35.0998,40.6996,37.4246,40.2872,36.3246,0,0,0,1703977162.4,0,2.265408,0.424938466901843,2.41990768329393,-9.285376,15,1703965342.1,13:42:22,1703965326.1,1703965342.1,4,0.04,-0.002,0.37,0.39,420,23,0.31,0.04,0.7377482,-0.457293214285712,0.0418997167201243,1,0.6600508,-0.00885149999999928,0.00255130442976399,1,2,2,"2/2",3.13225,2.7779,0.0898026,0.0898826,0.0933356,0.0920497,34638.1,37949.7,34436.6,37796.8,44109.6,49377.9,53731.8,60539.8,1.96233,1.84608,0.0384822,0,26.4472,999.9,49.078,30.625,24.0243,55.7958,49.1587,1,0.00321646,0,20.1505,5.19992,12.0099,4.9755,3.294,9999,9999,9999,999.9,1.86322,1.86813,1.86788,1.86905,1.86981,1.86592,1.867,1.86839,5,0,0,0,11111111,"oooooooo","off","off","off","off",0,100,100,0.371,0.3285,0.0423216469933034,0.00094011373067852,-4.34151045835808e-07,1.387723914529e-10,-0.0481412878089496,-0.02448881951688,0.00297863063736364,-4.41375820948824e-05,5,2316,0,22,197.6,197.3,1.02051,2.63428,1.54785,2.33154,1.64673,2.3584,34.715,24.1751,18,502.199,424.179,27.4439,27.3361,30,27.3372,27.2959,20.4541,18.161,100,-999.9,420.036,20.3333,97.6654,98.0054
28,1703977187.1,1747.09999990463,2023-12-30 16:59:47,16:59:47,5,"ryan.hc.2.34","n","ozzie",1703977183.9,0.00056600143951416,0.566001439514168,-0.849432519774178,420.790001073087,456.601699806328,41.2343747801299,38.0003241672961,0.0269826763510466,2.75006815771146,0.0268364567369188,0.0167858565267784,0,27.7568788271722,27.7568788271722,3.74138630561832,50.2221162555762,1.89619079481766,3.77560910649026,1.84519551080066,-24.9606634825748,23.1289951103074,1.83024448670798,-0.00142388555944705,-0.851707346149578,0.566764141138465,-0.849432519774178,428.777106167295,429.817381818182,2.35681821365231e-05,64.3966823808694,0.566001439514168,20.3306510899883,20.99584,-3.95569952095346e-05,106.622489744898,0,0,1,0,47550,"-","-",0,0,0,0,"-","-",0,0,0,0.5,0,0,0,0,0,0,"-",0,0,0,0,0,0,0,0,1,"None","None","None","None","None","None","None","None","None","None","None","None","None","None","None","None","None","None","None","None","None","None","None","None","None","None","None","None","None","None","None","None","None","None",0,0,0,0,6,0.5,"0: Broadleaf",2,TRUE,1703977183.9,420.79,420.0542,20.99714,20.33136,420.4188,20.66866,500.0424,90.2071,0.09999872,27.91288,27.0818,999.9,0,0,9988.374,0,0.244101,0.7358886,429.815,428.7716,0.6657596,420.0542,20.33136,1.89409,1.834034,16.5857,16.0799,0,0,0,0,2.35376,0,-8.91398,-0.05004,35.125,40.7624,37.437,40.3624,36.3624,0,0,0,1703977167.8,0,2.26068846153846,0.875394880496592,2.08867008100538,-9.06489230769231,15,1703965342.1,13:42:22,1703965326.1,1703965342.1,4,0.04,-0.002,0.37,0.39,420,23,0.31,0.04,0.7321681875,-0.194536500000003,0.0395260564504903,1,0.6616051875,0.0311880882352924,0.00381253539686437,1,2,2,"2/2",3.1324,2.77784,0.0898077,0.0898846,0.0933296,0.0920397,34637.8,37949.9,34436.5,37797.1,44109.6,49378.8,53731.4,60540.3,1.9624,1.8459,0.0389442,0,26.4495,999.9,49.078,30.635,24.0365,55.7158,48.9583,1,0.00311738,0,20.1506,5.20022,12.0099,4.97555,3.294,9999,9999,9999,999.9,1.86324,1.86813,1.86786,1.86905,1.86984,1.86593,1.86698,1.8684,5,0,0,0,11111111,"oooooooo","off","off","off","off",0,100,100,0.371,0.3284,0.0423216469933034,0.00094011373067852,-4.34151045835808e-07,1.387723914529e-10,-0.0481412878089496,-0.02448881951688,0.00297863063736364,-4.41375820948824e-05,5,2316,0,22,197.7,197.4,1.02051,2.63184,1.54785,2.33398,1.64551,2.37183,34.715,24.1838,18,502.248,424.079,27.4431,27.3361,30,27.3372,27.2959,20.4532,18.161,100,-999.9,420.036,20.3337,97.6648,98.0061
29,1703977192.1,1752.09999990463,2023-12-30 16:59:52,16:59:52,5,"ryan.hc.2.34","n","ozzie",1703977188.9,0.00056522911694017,0.565229116940178,-0.835114666444625,420.786601052702,455.836645793601,41.1663128652792,38.0009659782735,0.0269375416096966,2.75283285045236,0.0267919548388781,0.016757986442943,0,27.7583568107625,27.7583568107625,3.74170926429787,50.211765781016,1.89592386597767,3.77585579094388,1.8457853983202,-24.9266040570618,23.0991184990129,1.82606818823576,-0.00141736981319695,-0.843105559324866,0.566622803716129,-0.835114666444625,428.78083278977,429.803903030303,-3.40666483724657e-05,64.3966823808694,0.565229116940178,20.3276496049088,20.9920533333333,-4.94355954828166e-05,106.622489744898,0,0,1,0,47577,"-","-",0,0,0,0,"-","-",0,0,0,0.5,0,0,0,0,0,0,"-",0,0,0,0,0,0,0,0,1,"None","None","None","None","None","None","None","None","None","None","None","None","None","None","None","None","None","None","None","None","None","None","None","None","None","None","None","None","None","None","None","None","None","None",0,0,0,0,6,0.5,"0: Broadleaf",2,TRUE,1703977188.9,420.7866,420.061,20.99366,20.328,420.4156,20.66536,500.0096,90.20944,0.09991368,27.914,27.08374,999.9,0,0,10004.49,0,0.2509964,0.7256594,429.81,428.7774,0.665659,420.061,20.328,1.893826,1.833776,16.58352,16.07774,0,0,0,0,2.27626,0,-8.80288,-0.02122,35.125,40.812,37.4874,40.4372,36.375,0,0,0,1703977172.6,0,2.29530769230769,-0.0951863211193604,1.63052992000975,-8.95143846153846,15,1703965342.1,13:42:22,1703965326.1,1703965342.1,4,0.04,-0.002,0.37,0.39,420,23,0.31,0.04,0.714530466666667,0.216151071428571,0.0277574995964854,1,0.6637316,0.0372409285714278,0.00352948067568019,1,2,2,"2/2",3.13247,2.77813,0.0898045,0.0898779,0.0933212,0.0920323,34638.4,37950,34436.9,37796.9,44110.5,49378.9,53732,60540,1.96255,1.84638,0.0388436,0,26.4512,999.9,49.078,30.625,24.0251,55.9958,48.8942,1,0.00313008,0,20.1505,5.20097,12.0099,4.97575,3.294,9999,9999,9999,999.9,1.86322,1.86813,1.86789,1.86905,1.86983,1.86594,1.86697,1.86835,5,0,0,0,11111111,"oooooooo","off","off","off","off",0,100,100,0.371,0.3283,0.0423216469933034,0.00094011373067852,-4.34151045835808e-07,1.387723914529e-10,-0.0481412878089496,-0.02448881951688,0.00297863063736364,-4.41375820948824e-05,5,2316,0,22,197.8,197.5,1.02051,2.62939,1.54785,2.33398,1.64551,2.35107,34.715,24.1751,18,502.346,424.35,27.4426,27.3345,30,27.3372,27.2959,20.4533,18.161,100,-999.9,420.036,20.3337,97.666,98.0057
30,1703977197.1,1757.09999990463,2023-12-30 16:59:57,16:59:57,5,"ryan.hc.2.34","n","ozzie",1703977193.9,0.00056596977396725,0.565969773967251,-0.864095349053675,420.787601088597,457.482389833612,41.3144104073007,38.0005701465376,0.0269651581690329,2.75276820280509,0.026819270198461,0.0167750853999689,0,27.7598296609284,27.7598296609284,3.74203112545572,50.2018504448809,1.89573525066138,3.77622584399116,1.84629587479434,-24.9592670319558,23.1293185733178,1.8285272982625,-0.00142116037547523,-0.873597705195633,0.566702836606933,-0.864095349053675,428.743003694338,429.80163030303,-3.18261408295687e-05,64.3966823808694,0.565969773967251,20.3257850560195,20.9909193939394,-2.53675160349554e-05,106.622489744898,0,0,1,0,47606,"-","-",0,0,0,0,"-","-",0,0,0,0.5,0,0,0,0,0,0,"-",0,0,0,0,0,0,0,0,1,"None","None","None","None","None","None","None","None","None","None","None","None","None","None","None","None","None","None","None","None","None","None","None","None","None","None","None","None","None","None","None","None","None","None",0,0,0,0,6,0.5,"0: Broadleaf",2,TRUE,1703977193.9,420.7876,420.0254,20.99184,20.32604,420.4164,20.6636,499.976,90.20824,0.09995836,27.91568,27.08526,999.9,0,0,10004.24,0,0.242722,0.7621764,429.8102,428.7402,0.6658118,420.0254,20.32604,1.89364,1.833576,16.58194,16.076,0,0,0,0,2.33114,0,-8.83382,-0.04614,35.1622,40.8624,37.5,40.5124,36.4246,0,0,0,1703977177.4,0,2.29801923076923,-0.141781197548125,0.672588043613759,-8.83098461538462,15,1703965342.1,13:42:22,1703965326.1,1703965342.1,4,0.04,-0.002,0.37,0.39,420,23,0.31,0.04,0.7385883125,0.20371738235294,0.0246958379051986,1,0.665795625,0.00195335294117412,0.0006538593001365,1,2,2,"2/2",3.13239,2.77799,0.0897977,0.0898705,0.0933131,0.092024,34638.4,37950.3,34436.7,37796.9,44110.8,49379.3,53731.9,60539.9,1.9624,1.8463,0.0386536,0,26.452,999.9,49.078,30.625,24.0253,55.8858,48.9062,1,0.00315803,0,20.1503,5.20067,12.0098,4.9757,3.29398,9999,9999,9999,999.9,1.86324,1.86813,1.86791,1.86905,1.86983,1.86592,1.86698,1.86836,5,0,0,0,11111111,"oooooooo","off","off","off","off",0,100,100,0.371,0.3282,0.0423216469933034,0.00094011373067852,-4.34151045835808e-07,1.387723914529e-10,-0.0481412878089496,-0.02448881951688,0.00297863063736364,-4.41375820948824e-05,5,2316,0,22,197.8,197.6,1.02051,2.62817,1.54785,2.33398,1.64673,2.29614,34.715,24.1751,18,502.245,424.308,27.4418,27.3338,30,27.3368,27.2959,20.4546,18.161,100,-999.9,420.036,20.3337,97.6656,98.0055
31,1703977202.1,1762.09999990463,2023-12-30 17:00:02,17:00:02,5,"ryan.hc.2.34","n","ozzie",1703977198.9,0.00056701217501836,0.567012175018365,-0.880255402436946,420.765601111789,458.31938587022,41.3896608808273,37.9982738615072,0.0270108733593096,2.7513193892878,0.0268644151266131,0.0168033518125747,0,27.7604465392396,27.7604465392396,3.74216593872053,50.1952239207236,1.89559337903582,3.77644172288114,1.8465725596847,-25.0052369183099,23.1710068718591,1.83280224777504,-0.00142779867574205,-0.855275984489256,0.566754456057949,-0.880255402436946,428.727161243451,429.805006060606,9.16077320845968e-05,64.3966823808694,0.567012175018365,20.324346746231,20.9905024242424,9.19208379028647e-07,106.622489744898,0,0,1,0,47525,"-","-",0,0,0,0,"-","-",0,0,0,0.5,0,0,0,0,0,0,"-",0,0,0,0,0,0,0,0,1,"None","None","None","None","None","None","None","None","None","None","None","None","None","None","None","None","None","None","None","None","None","None","None","None","None","None","None","None","None","None","None","None","None","None",0,0,0,0,6,0.5,"0: Broadleaf",2,TRUE,1703977198.9,420.7656,420.0254,20.99044,20.32458,420.3944,20.66226,499.9772,90.2074,0.10006278,27.91666,27.08676,999.9,0,0,9995.75,0,0.2537548,0.7402708,429.787,428.7394,0.665856,420.0254,20.32458,1.893492,1.833426,16.58076,16.07472,0,0,0,0,2.14888,0,-8.60528,-0.03638,35.187,40.9122,37.5496,40.5872,36.437,0,0,0,1703977182.8,0,2.262712,0.0478846104074247,1.13552308094352,-8.74332,15,1703965342.1,13:42:22,1703965326.1,1703965342.1,4,0.04,-0.002,0.37,0.39,420,23,0.31,0.04,0.741375666666667,0.0956640000000003,0.0213914518368644,1,0.665852733333333,-4.13571428558687e-05,0.00050872906563535,1,2,2,"2/2",3.13244,2.77805,0.0898075,0.0898705,0.0933135,0.0920291,34638,37950.2,34436.6,37796.8,44110.3,49379.1,53731.3,60539.9,1.96273,1.84603,0.0388026,0,26.454,999.9,49.078,30.625,24.0259,55.9258,49.0905,1,0.00309959,0,20.1504,5.20037,12.0099,4.97575,3.294,9999,9999,9999,999.9,1.86324,1.86813,1.86784,1.86905,1.86982,1.86595,1.86699,1.86838,5,0,0,0,11111111,"oooooooo","off","off","off","off",0,100,100,0.371,0.3282,0.0423216469933034,0.00094011373067852,-4.34151045835808e-07,1.387723914529e-10,-0.0481412878089496,-0.02448881951688,0.00297863063736364,-4.41375820948824e-05,5,2316,0,22,197.9,197.7,1.02051,2.6416,1.54785,2.33276,1.64551,2.27783,34.715,24.1751,18,502.448,424.151,27.4414,27.3338,30,27.3356,27.2959,20.4563,18.161,100,-999.9,420.036,20.3337,97.6649,98.0054
32,1703977207.1,1767.09999990463,2023-12-30 17:00:07,17:00:07,5,"ryan.hc.2.34","n","ozzie",1703977203.9,0.00056393637782068,0.563936377820686,-0.844713299516622,420.774401064569,456.52793623908,41.2279202317967,37.9991060034216,0.0268554965189114,2.75398357730842,0.0267108527807638,0.0167072135783135,0,27.7627133602903,27.7627133602903,3.74266136868684,50.1903300816481,1.89555009298929,3.77672370336212,1.84711127569755,-24.8695942618922,23.0469280298896,1.82125640045576,-0.00140983154684093,-0.851170874052323,0.564790833882408,-0.844713299516622,428.744620102561,429.779660606061,-8.38192719179655e-05,64.3966823808694,0.563936377820686,20.3266412532633,20.9892581818182,-1.56487552426767e-05,106.622489744898,0,0,1,0,47554,"-","-",0,0,0,0,"-","-",0,0,0,0.5,0,0,0,0,0,0,"-",0,0,0,0,0,0,0,0,1,"None","None","None","None","None","None","None","None","None","None","None","None","None","None","None","None","None","None","None","None","None","None","None","None","None","None","None","None","None","None","None","None","None","None",0,0,0,0,6,0.5,"0: Broadleaf",2,TRUE,1703977203.9,420.7744,420.0382,20.98994,20.32644,420.4034,20.66178,500.0174,90.20764,0.09991176,27.91794,27.08822,999.9,0,0,10011.51,0,0.2634084,0.7362668,429.7958,428.753,0.6635004,420.0382,20.32644,1.893452,1.8336,16.58042,16.0762,0,0,0,0,2.047,0,-8.49924,-0.01612,35.1996,40.9874,37.562,40.6622,36.4748,0,0,0,1703977187.6,0,2.242624,-0.424146156909363,1.31729231051509,-8.654736,15,1703965342.1,13:42:22,1703965326.1,1703965342.1,4,0.04,-0.002,0.37,0.39,420,23,0.31,0.04,0.7484491875,-0.084366441176473,0.0256970295735197,1,0.665128125,-0.0133127647058833,0.00129429734194851,1,2,2,"2/2",3.13227,2.77814,0.0898044,0.0898784,0.0933136,0.0920311,34638.1,37949.8,34436.6,37796.7,44110.5,49378.8,53731.5,60539.7,1.96222,1.84625,0.0384897,0,26.4545,999.9,49.078,30.625,24.0226,55.9358,49.1546,1,0.00283283,0,20.1504,5.20052,12.0099,4.97555,3.29398,9999,9999,9999,999.9,1.86323,1.86813,1.86786,1.86905,1.86983,1.86596,1.86701,1.86839,5,0,0,0,11111111,"oooooooo","off","off","off","off",0,100,100,0.371,0.3282,0.0423216469933034,0.00094011373067852,-4.34151045835808e-07,1.387723914529e-10,-0.0481412878089496,-0.02448881951688,0.00297863063736364,-4.41375820948824e-05,5,2316,0,22,198,197.8,1.02051,2.64038,1.54785,2.33398,1.64551,2.26807,34.715,24.1751,18,502.114,424.277,27.4406,27.3338,30,27.3349,27.2956,20.4553,18.161,100,-999.9,420.036,20.3337,97.6651,98.0051
33,1703977212.1,1772.09999990463,2023-12-30 17:00:12,17:00:12,5,"ryan.hc.2.34","n","ozzie",1703977208.9,0.00056676196426857,0.566761964268572,-0.845104038342161,420.767001065644,456.296837885906,41.2076978726522,37.9990348717482,0.0269900062331707,2.75088516794359,0.0268437505956514,0.0167904184104048,0,27.7635329813917,27.7635329813917,3.74284051683262,50.1874964786186,1.89563767923375,3.77711145651855,1.84720283759887,-24.994202624244,23.1604623183285,1.83231332709746,-0.00142697881811315,-0.851991821605794,0.566271135028165,-0.845104038342161,428.747099402294,429.782309090909,-3.0332067800932e-05,64.3966823808694,0.566761964268572,20.3253024792858,20.9910090909091,9.06702561101665e-06,106.622489744898,0,0,1,0,47616,"-","-",0,0,0,0,"-","-",0,0,0,0.5,0,0,0,0,0,0,"-",0,0,0,0,0,0,0,0,1,"None","None","None","None","None","None","None","None","None","None","None","None","None","None","None","None","None","None","None","None","None","None","None","None","None","None","None","None","None","None","None","None","None","None",0,0,0,0,6,0.5,"0: Broadleaf",2,TRUE,1703977208.9,420.767,420.0306,20.99058,20.32538,420.3958,20.6624,500.0464,90.20892,0.10005094,27.9197,27.08326,999.9,0,0,9993.01,0,0.2413428,0.736377,429.7888,428.7452,0.6652124,420.0306,20.32538,1.893536,1.83353,16.58114,16.07562,0,0,0,0,2.18578,0,-8.39226,0.0119,35.25,41.0248,37.6124,40.7248,36.5,0,0,0,1703977192.4,0,2.228004,0.680315380316169,0.625130768696673,-8.562776,15,1703965342.1,13:42:22,1703965326.1,1703965342.1,4,0.04,-0.002,0.37,0.39,420,23,0.31,0.04,0.7424804,-0.020101928571429,0.0246226299348113,1,0.664922666666667,-0.00325757142857227,0.00128805194857281,1,2,2,"2/2",3.13224,2.77788,0.0898035,0.0898811,0.0933125,0.0920282,34638.3,37949.9,34436.8,37796.9,44110.7,49379.3,53731.7,60540.1,1.96277,1.8464,0.0384226,0,26.4579,999.9,49.078,30.625,24.0243,55.8558,49.2147,1,0.00310467,0,20.1506,5.20067,12.0099,4.9756,3.294,9999,9999,9999,999.9,1.86323,1.86813,1.86785,1.86905,1.86984,1.86594,1.86701,1.86841,5,0,0,0,11111111,"oooooooo","off","off","off","off",0,100,100,0.371,0.3282,0.0423216469933034,0.00094011373067852,-4.34151045835808e-07,1.387723914529e-10,-0.0481412878089496,-0.02448881951688,0.00297863063736364,-4.41375820948824e-05,5,2316,0,22,198.1,197.8,1.02051,2.63184,1.54785,2.33398,1.64673,2.3291,34.715,24.1751,18,502.473,424.35,27.4402,27.3338,30,27.3349,27.294,20.4554,18.161,100,-999.9,420.036,20.3337,97.6656,98.0058
34,1703977217.1,1777.09999990463,2023-12-30 17:00:17,17:00:17,5,"ryan.hc.2.34","n","ozzie",1703977213.9,0.00056533543296029,0.565335432960293,-0.845347475076049,420.765601065476,456.449394022478,41.2214023297102,37.9988413943829,0.0269102691013218,2.75405008629343,0.0267650399599796,0.0167411327678152,0,27.7665722271474,27.7665722271474,3.74350488330061,50.1777099020969,1.8955422196069,3.77765789492055,1.84796266369371,-24.9312925935489,23.1040738728232,1.8258019187316,-0.001416801994079,-0.834322445841412,0.565679447436062,-0.845347475076049,428.764778246797,429.800078787879,4.59122970028259e-05,64.3966823808694,0.565335432960293,20.3250221108876,20.9892890909091,-9.23415788222231e-06,106.622489744898,0,0,1,0,47548,"-","-",0,0,0,0,"-","-",0,0,0,0.5,0,0,0,0,0,0,"-",0,0,0,0,0,0,0,0,1,"None","None","None","None","None","None","None","None","None","None","None","None","None","None","None","None","None","None","None","None","None","None","None","None","None","None","None","None","None","None","None","None","None","None",0,0,0,0,6,0.5,"0: Broadleaf",2,TRUE,1703977213.9,420.7656,420.05,20.98956,20.32496,420.3946,20.66142,499.9754,90.20894,0.0998716,27.92218,27.08432,999.9,0,0,10011.76,0,0.2372054,0.7157102,429.7868,428.7644,0.6645918,420.05,20.32496,1.893444,1.833492,16.58034,16.07528,0,0,0,0,2.3142,0,-8.53214,0.01602,35.2624,41.0746,37.6374,40.7748,36.5248,0,0,0,1703977197.8,0,2.27983076923077,0.921258114317782,0.127798294850793,-8.50828846153846,15,1703965342.1,13:42:22,1703965326.1,1703965342.1,4,0.04,-0.002,0.37,0.39,420,23,0.31,0.04,0.7365855,-0.191526000000004,0.0273653160154419,1,0.664507875,0.00302170588235118,0.00106235910095174,1,2,2,"2/2",3.13234,2.77819,0.0898093,0.0898838,0.0933121,0.0920292,34638.2,37949.8,34436.9,37796.9,44110.9,49379.1,53731.9,60540,1.9625,1.84635,0.038486,0,26.4624,999.9,49.078,30.605,23.9965,55.7458,49.1226,1,0.00306402,0,20.1507,5.20022,12.0099,4.97575,3.294,9999,9999,9999,999.9,1.86321,1.86813,1.86787,1.86904,1.86983,1.86596,1.86699,1.8684,5,0,0,0,11111111,"oooooooo","off","off","off","off",0,100,100,0.371,0.3281,0.0423216469933034,0.00094011373067852,-4.34151045835808e-07,1.387723914529e-10,-0.0481412878089496,-0.02448881951688,0.00297863063736364,-4.41375820948824e-05,5,2316,0,22,198.2,197.9,1.02051,2.63062,1.54785,2.33398,1.64673,2.35229,34.715,24.1838,18,502.293,424.32,27.4396,27.3338,30.0002,27.3349,27.2937,20.4521,18.161,100,-999.9,420.036,20.3337,97.6658,98.0057
35,1703977222.1,1782.09999990463,2023-12-30 17:00:22,17:00:22,5,"ryan.hc.2.34","n","ozzie",1703977218.9,0.00056602172552686,0.566021725526866,-0.840912644193114,420.793001055583,456.160558323309,41.1953908610438,38.0013831397281,0.0269391206992097,2.75447157855326,0.0267936030285168,0.0167590104191532,0,27.7678855876974,27.7678855876974,3.74379201028761,50.173801820897,1.89555821909355,3.77798402811896,1.84823379119406,-24.9615580957348,23.1323556282452,1.82778261593571,-0.001419851553905,-0.846210520019555,0.565964392039595,-0.840912644193114,428.78481984561,429.814793939394,-8.55122661229603e-06,64.3966823808694,0.566021725526866,20.3248780258698,20.9897709090909,1.8763442777305e-06,106.622489744898,0,0,1,0,47730,"-","-",0,0,0,0,"-","-",0,0,0,0.5,0,0,0,0,0,0,"-",0,0,0,0,0,0,0,0,1,"None","None","None","None","None","None","None","None","None","None","None","None","None","None","None","None","None","None","None","None","None","None","None","None","None","None","None","None","None","None","None","None","None","None",0,0,0,0,6,0.5,"0: Broadleaf",2,TRUE,1703977218.9,420.793,420.0634,20.9897,20.32486,420.4218,20.66154,500.0466,90.20902,0.0999515,27.92366,27.09616,999.9,0,0,10014.25,0,0.2468592,0.729541,429.8146,428.7784,0.66482,420.0634,20.32486,1.89346,1.833488,16.58048,16.07524,0,0,0,0,2.24424,0,-8.50276,-0.00708,35.2748,41.1124,37.6622,40.8624,36.562,0,0,0,1703977202.6,0,2.28403461538462,0.243271789247939,-0.248940175284035,-8.49204230769231,15,1703965342.1,13:42:22,1703965326.1,1703965342.1,4,0.04,-0.002,0.37,0.39,420,23,0.31,0.04,0.7302286,-0.0260211428571432,0.0257221450629608,1,0.6649236,-0.00239421428571376,0.0006614986822864,1,2,2,"2/2",3.13236,2.77814,0.0898037,0.0898708,0.0933129,0.0920229,34638.3,37950.6,34436.8,37797.2,44110.8,49379.9,53731.9,60540.5,1.96233,1.8463,0.038743,0,26.4668,999.9,49.078,30.625,24.024,55.6958,48.9824,1,0.00270325,0,20.1506,5.20142,12.0099,4.97575,3.294,9999,9999,9999,999.9,1.86321,1.86813,1.86786,1.86904,1.86982,1.86593,1.86701,1.86836,5,0,0,0,11111111,"oooooooo","off","off","off","off",0,100,100,0.371,0.3281,0.0423216469933034,0.00094011373067852,-4.34151045835808e-07,1.387723914529e-10,-0.0481412878089496,-0.02448881951688,0.00297863063736364,-4.41375820948824e-05,5,2316,0,22,198.3,198,1.02051,2.62451,1.54785,2.33398,1.64673,2.34619,34.715,24.1838,18,502.179,424.291,27.439,27.3317,30.0001,27.3349,27.2937,20.4534,18.161,100,-999.9,420.036,20.3337,97.6657,98.0065
36,1703977227.1,1787.09999990463,2023-12-30 17:00:27,17:00:27,5,"ryan.hc.2.34","n","ozzie",1703977223.9,0.00056668369132659,0.566683691326594,-0.851483093084942,420.757001075839,456.698039683715,41.2435609730016,37.9977918028875,0.0269629459023846,2.75139458119735,0.0268170094021572,0.0167736767133228,0,27.7702621008284,27.7702621008284,3.74431161262077,50.1657275636464,1.89555389038473,3.77858347211211,1.84875772223604,-24.9907507875028,23.1574651667857,1.83185947593627,-0.00142614478077263,-0.850855602654506,0.566834860631066,-0.851483093084942,428.71822809195,429.761521212121,-7.63551292965728e-05,64.3966823808694,0.566683691326594,20.3237880238768,20.9895496969697,-5.08350047821466e-06,106.622489744898,0,0,1,0,47506,"-","-",0,0,0,0,"-","-",0,0,0,0.5,0,0,0,0,0,0,"-",0,0,0,0,0,0,0,0,1,"None","None","None","None","None","None","None","None","None","None","None","None","None","None","None","None","None","None","None","None","None","None","None","None","None","None","None","None","None","None","None","None","None","None",0,0,0,0,6,0.5,"0: Broadleaf",2,TRUE,1703977223.9,420.757,420.0222,20.98984,20.32394,420.3856,20.6617,500.0184,90.20808,0.10008292,27.92638,27.09922,999.9,0,0,9996.12,0,0.2358264,0.7344604,429.778,428.736,0.6658838,420.0222,20.32394,1.893452,1.833384,16.5804,16.07438,0,0,0,0,2.23484,0,-8.2183,0.03498,35.312,41.1622,37.687,40.9246,36.5746,0,0,0,1703977207.4,0,2.29241923076923,-0.368256413027976,1.94909401131533,-8.41413846153846,15,1703965342.1,13:42:22,1703965326.1,1703965342.1,4,0.04,-0.002,0.37,0.39,420,23,0.31,0.04,0.7262876875,0.0873634411764688,0.0296315213343804,1,0.665172125,0.00623029411764535,0.00088878589062551,1,2,2,"2/2",3.13235,2.7779,0.0898034,0.089881,0.093308,0.0920289,34638.3,37950.2,34436.8,37797.2,44111,49379.7,53731.9,60540.7,1.9625,1.84627,0.0381507,0,26.4702,999.9,49.054,30.605,23.9846,55.8558,48.9383,1,0.003031,0,20.1506,5.20142,12.0099,4.9758,3.294,9999,9999,9999,999.9,1.86324,1.86813,1.86786,1.86904,1.86984,1.86597,1.86703,1.86836,5,0,0,0,11111111,"oooooooo","off","off","off","off",0,100,100,0.371,0.3281,0.0423216469933034,0.00094011373067852,-4.34151045835808e-07,1.387723914529e-10,-0.0481412878089496,-0.02448881951688,0.00297863063736364,-4.41375820948824e-05,5,2316,0,22,198.3,198.1,1.02051,2.63672,1.54785,2.33276,1.64551,2.24609,34.715,24.1751,18,502.272,424.277,27.4388,27.3315,30,27.3325,27.2937,20.4538,18.161,100,-999.9,420.036,20.3337,97.6657,98.0066
