"obs","time..2","elapsed","date","hhmmss..5","averaging","baseline_yn","id","machine","TIME..10","E","Emm","A","Ca","Ci","Pci","Pca","gsw","gbw","gtw","gtc","Rabs","TleafEB","TleafCnd","SVPleaf","RHcham","VPcham","SVPcham","VPDleaf","LatHFlux","SenHFlux","NetTherm","EBSum","Asty","Esty","Adyn","Crd","Csd","dCsd/dt","αVc","Edyn","Hr","Hs","dHs/dt","αVh","Leak","LeakPct","CorrFact","CorrFactPct","Fan","Qin","Qabs","alpha","convert","S","K","Geometry","Custom","UseDynamic","TIME..60","CO2_s","CO2_r","H2O_s","H2O_r","CO2_a","H2O_a","Flow","Pa","ΔPcham","Tair","Tleaf","Tleaf2","Offset","Offset2","Fan_speed","Qamb_in","Qamb_out","ΔCO2","CO2_s_d","CO2_r_d","ΔH2O","CO2_b","H2O_b","e_s","e_r","Td_s","Td_r","Q","f_red","f_blue","f_farred","F","Q_modavg","F_dc","Pc","Tled","TDigital","TPreamp","TPwrSpy","TDrive","Q_red","Q_blue","Q_farred","TSPF","state","time..106","hhmmss..107","co2_t","h2o_t","count","co2_adj","h2o_adj","co2_match","h2o_match","co2_at","h2o_at","co2_cv","h2o_cv","ΔCO2:MN","ΔCO2:SLP","ΔCO2:SD","ΔCO2:OK","ΔH2O:MN","ΔH2O:SLP","ΔH2O:SD","ΔH2O:OK","Stable","Total","State","Vflow","VPchamber","abs_c_a","abs_c_b","abs_h_a","abs_h_b","Wc_s","Wc_r","Wco_s","Wco_r","Ww_s","Ww_r","Wwo_s","Wwo_r","Flow_s_v","Flow_r_v","Tleaf_mv","Tleaf2_mv","Tleaf_j","Tleaf2_j","Console_RH","Console_T","Console_H2O","Fan_%","Flow_%","Pump","Tchp_pwm","Txchg_pwm","diag_20v","diag_5_4v","diag_12v","diag_5va","diag_3_3vf","AccCO2_soda","AccH2O_des","AccH2O_hum","CO2_hrs","ADC_CH1","ADC_CH2","ADC_CH3","ADC_CH4","ADC_CH5","ADC_CH6","ADC_CH7","ADC_CH8","DAC_1","DAC_2","DAC_3","DAC_4","GPIO","GPIO_dir","excit_5v","power_12v","power_5v","ch1_pullup","AuxPower","MatchValveR","MatchValveS","MatchCO2","MatchH2O","cf_co2_a","cf_co2_b","cf_co2_c","cf_co2_d","cf_h2o_a","cf_h2o_b","cf_h2o_c","cf_h2o_d","co2_fit_low","co2_fit_high","h2o_fit_low","h2o_fit_high","co2_elapsed","h2o_elapsed","CO2_f","CO2_f_s","Pump_f","Pump_f_s","Pump_p","Pump_p_s","Tboard","V_system","DIAG","Flow_s","Flow_r","Txchg","Tirga","Tchopper","Ts","Tr","CO2_%","Desiccant_%","Humidifier_%","Txchg_sp","CO2_r_sp","H2O_r_sp","SS_s","SS_r"
1,1704398892.5,0,2024-01-04 14:08:12,14:08:12,5,"n","brit.lh.4.16","albert",1704398889.5,0.00050609683440723,0.506096834407233,-1.00063650800375,420.956910349473,464.450546984208,41.7834872112852,37.8706576928359,0.0287103069574322,2.74536856072099,0.0285445442541103,0.0178551533611007,0.026354601,25.1759169528972,24.9918818181818,3.17813895582418,50.1746133608314,1.62566971372052,3.24002439646021,1.55246924210365,-22.318870397359,47.9318183784503,3.698755733602,29.3380583156933,-1.00306136846889,0.506425299816003,-1.00063650800375,427.469334239253,428.692284848485,-0.00016164718184001,64.9652018154754,0.506096834407233,17.4730576336212,18.0694466666667,-1.61704904681142e-06,101.537209224151,6,1,1,0,47710,0.27582,0.110328,0.4,0.09555,6,0.5,"0: Broadleaf",2,TRUE,1704398889.5,420.956909090909,420.009,18.0703727272727,17.4736090909091,417.456909090909,17.9412090909091,499.970818181818,89.8632636363636,0.100000445454545,25.3157272727273,24.9918818181818,999.9,0,0,9998.68454545455,0,0.27582,0.947973090909091,428.703727272727,427.478545454545,0.596751090909091,420.009,17.4736090909091,1.62386363636364,1.57023727272727,14.1871272727273,13.6697909090909,0,0,0,0,2.08852727272727,0,-4.37418181818182,-1.35546363636364,34.0963636363636,39.7213636363636,36.7725454545455,38.4486363636364,35.2612727272727,0,0,0,1704398896.5,0,1704398423,14:00:23,1704398423,1704398421.5,4,-0.042,-0.005,3.497,0.119,420,17,0.4,0.15,0.946156487804878,-0.0408809895470395,0.0302892980215801,1,0.596315024390244,0.00515245296167271,0.00089813341634273,1,2,2,"2/2",3.13017,2.77097,0.0849884,0.0858257,0.0873608,0.0857437,27450.2,26895,30535.8,29671.7,38470.6,35705.6,46720,44104.4,1.8395,1.82747,0.0363588,0,24.4036,999.9,47.1,32.8,26.1843,63.5513,23.3694,1,0.0652795,0.278671,20.2155,5.2393,11.974,4.97275,3.291,9999,9999,9999,999.9,4.97293,1.87714,1.87522,1.87805,1.87469,1.87835,1.87542,1.87663,0,0,0,0,11111111,"oooooooo","on","on","on","on",0,100,100,3.5,0.1291,1.84635561048904,0.00465135869584951,-1.85592942386599e-06,4.86388403752433e-10,-0.0300618916790928,-0.00273754025504654,0.00076603553846402,-6.62231808541172e-06,1,2123,1,26,7.8,7.8,1.09741,2.54883,1.39893,2.34009,1.44897,2.4353,38.135,24.0437,18,486.765,444.219,24.4071,27.9179,29.9999,27.7531,27.8283,22.015,38.7909,0,24.4106,420,17.4973,100.959,101.435
2,1704398897.5,5,2024-01-04 14:08:17,14:08:17,5,"n","brit.lh.4.16","albert",1704398895,0.00050598749870645,0.505987498706451,-0.989701666733172,420.943223464633,463.907358233638,41.7343004102095,37.869136222813,0.0286618052473032,2.7441623560941,0.0284965282293043,0.0178251000414521,0.026354601,25.1789631995083,25.0032222222222,3.18028847626918,50.1623596925735,1.62556974889035,3.24061658752272,1.55471872737883,-22.3140486929545,46.6876118367495,3.60458892473905,28.0045066695341,-1.00182706579377,0.505555515745679,-0.989701666733172,427.464000165412,428.673509090909,-0.00016994281828608,64.9652018154754,0.505987498706451,17.4738616363873,18.0700387878788,1.25492564810167e-06,101.537209224151,6,1,1,0,47836,0.27582,0.110328,0.4,0.09555,6,0.5,"0: Broadleaf",2,TRUE,1704398895,420.943222222222,419.996444444444,18.0694,17.4737222222222,417.443222222222,17.9402555555556,500.022444444444,89.8625555555556,0.100019233333333,25.3188,25.0032222222222,999.9,0,0,9991.60777777778,0,0.27582,0.946689111111111,428.689444444444,427.465777777778,0.595669111111111,419.996444444444,17.4737222222222,1.62376333333333,1.57023444444444,14.1861888888889,13.6697444444444,0,0,0,0,1.98431111111111,0,-3.93498888888889,-1.37794444444444,34.0694444444444,39.826,36.812,38.4997777777778,35.2913333333333,0,0,0,1704398901.3,0,1704398423,14:00:23,1704398423,1704398421.5,4,-0.042,-0.005,3.497,0.119,420,17,0.4,0.15,0.946026975609756,-0.062230390243902,0.0306559250410317,1,0.596396609756097,-0.00256567944250833,0.00061748490168364,1,2,2,"2/2",3.1302,2.77086,0.0849848,0.0858219,0.0873628,0.0857438,27450.1,26894.9,30535.5,29671.4,38470.1,35705.3,46719.5,44104.1,1.83943,1.82733,0.0367686,0,24.4012,999.9,47.1,32.8,26.1828,63.6213,23.3133,1,0.0652566,0.561645,20.2143,5.2393,11.974,4.97285,3.291,9999,9999,9999,999.9,4.97294,1.87714,1.87522,1.87806,1.87469,1.87836,1.87543,1.87661,0,0,0,0,11111111,"oooooooo","on","on","on","on",0,100,100,3.5,0.1292,1.84635561048904,0.00465135869584951,-1.85592942386599e-06,4.86388403752433e-10,-0.0300618916790928,-0.00273754025504654,0.00076603553846402,-6.62231808541172e-06,1,2123,1,26,7.9,7.9,1.09863,2.55493,1.39893,2.34009,1.44897,2.47559,38.135,24.0525,18,486.708,444.109,24.4081,27.9156,29.9999,27.7507,27.826,22.0147,38.7909,0,24.2638,420,17.4973,100.958,101.434
3,1704398902.5,10,2024-01-04 14:08:22,14:08:22,5,"n","brit.lh.4.16","albert",1704398899.7,0.00050582077956404,0.505820779564046,-0.997525789501047,420.921001254635,464.329074444449,41.7728134340856,37.8676577100751,0.02865742989343,2.74497704602194,0.0284922519082168,0.0178224185261225,0.026354601,25.180968034513,25.00157,3.17997522624665,50.1547954203537,1.62551023260539,3.24098666734014,1.55446499364126,-22.3066963787744,47.2301156795138,3.64539645513316,28.5951703568725,-0.98398023823482,0.506167012221995,-0.997525789501047,427.482293635992,428.699309090909,0.00027428456639658,64.9652018154754,0.505820779564046,17.4715818212569,18.0676066666667,-1.66949995165832e-06,101.537209224151,6,1,1,0,47722,0.27582,0.110328,0.4,0.09555,6,0.5,"0: Broadleaf",2,TRUE,1704398899.7,420.921,419.9959,18.06849,17.47207,417.421,17.93938,500.0047,89.8638,0.10001173,25.32072,25.00157,999.9,0,0,9996.302,0,0.27582,0.9249695,428.6663,427.4647,0.5964124,419.9959,17.47207,1.623703,1.570108,14.18562,13.66853,0,0,0,0,2.05209,0,-3.69432,-1.38921,34.1247,39.8748,36.8811,38.5998,35.2934,0,0,0,1704398906.7,0,1704398423,14:00:23,1704398423,1704398421.5,4,-0.042,-0.005,3.497,0.119,420,17,0.4,0.15,0.933055075,0.0138255872420251,0.0272943031449673,1,0.59635065,-0.00137380863039548,0.00057305233399752,1,2,2,"2/2",3.13023,2.77097,0.0849902,0.0858178,0.0873581,0.0857392,27450,26895.5,30535.5,29671.9,38470.5,35706.3,46719.7,44105,1.83945,1.8273,0.0365824,0,24.3981,999.9,47.1,32.8,26.1808,63.5113,23.2692,1,0.0655157,0.696533,20.2139,5.23945,11.974,4.9731,3.291,9999,9999,9999,999.9,4.97291,1.87714,1.87518,1.87805,1.87469,1.87835,1.87539,1.87658,0,0,0,0,11111111,"oooooooo","on","on","on","on",0,100,100,3.5,0.1291,1.84635561048904,0.00465135869584951,-1.85592942386599e-06,4.86388403752433e-10,-0.0300618916790928,-0.00273754025504654,0.00076603553846402,-6.62231808541172e-06,1,2123,1,26,8,8,1.09863,2.55249,1.39893,2.34009,1.44897,2.47314,38.135,24.0525,18,486.71,444.084,24.2816,27.9132,30.0003,27.749,27.8248,22.0169,38.7909,0,24.2616,420,17.4973,100.958,101.436
4,1704398907.5,15,2024-01-04 14:08:27,14:08:27,5,"n","brit.lh.4.16","albert",1704398905,0.00050235360411933,0.502353604119336,-1.03275251739576,420.9618901845,466.701300102604,41.9865276396353,37.8716066005792,0.0284667686055081,2.74645781144023,0.028303861796279,0.0177044723008736,0.026354601,25.1779428296568,24.9981555555556,3.17932795638903,50.1580189891985,1.62522285538494,3.24020543102975,1.55410510100409,-22.1537939416627,47.1609953686828,3.63796225302726,28.6715182810474,-1.04090137946098,0.503755782541274,-1.03275251739576,427.421135445533,428.683472727273,-0.0002257527746941,64.9652018154754,0.502353604119336,17.471899163829,18.0638248484848,-2.91707667785412e-06,101.537209224151,6,1,1,0,47803,0.27582,0.110328,0.4,0.09555,6,0.5,"0: Broadleaf",2,TRUE,1704398905,420.961888888889,419.967333333333,18.0651666666667,17.4716111111111,417.461777777778,17.9361,500.026,89.8645,0.0999539888888889,25.3166666666667,24.9981555555556,999.9,0,0,10005.0111111111,0,0.27582,0.994524444444444,428.706555555556,427.435333333333,0.593527111111111,419.967333333333,17.4716111111111,1.62341777777778,1.57007888888889,14.1829,13.6682555555556,0,0,0,0,2.04781111111111,0,-3.7084,-1.4837,34.1732222222222,39.965,36.9094444444444,38.715,35.347,0,0,0,1704398911.5,0,1704398423,14:00:23,1704398423,1704398421.5,4,-0.042,-0.005,3.497,0.119,420,17,0.4,0.15,0.952773829268293,0.126587749128919,0.0364342141680594,1,0.595683829268293,-0.00929343554006983,0.00134221638512917,1,2,2,"2/2",3.1302,2.77102,0.0849884,0.0858228,0.087343,0.0857381,27450,26894.9,30535.4,29671.4,38471.2,35705.7,46719.8,44104.2,1.8394,1.82745,0.0364706,0,24.3955,999.9,47.1,32.8,26.1824,63.4313,23.2212,1,0.0650762,0.52774,20.2146,5.23915,11.974,4.97275,3.291,9999,9999,9999,999.9,4.9729,1.87714,1.87517,1.87805,1.87469,1.87835,1.87543,1.87661,0,0,0,0,11111111,"oooooooo","on","on","on","on",0,100,100,3.5,0.1291,1.84635561048904,0.00465135869584951,-1.85592942386599e-06,4.86388403752433e-10,-0.0300618916790928,-0.00273754025504654,0.00076603553846402,-6.62231808541172e-06,1,2123,1,26,8.1,8.1,1.09863,2.55127,1.39893,2.34009,1.44897,2.49634,38.135,24.0525,18,486.675,444.167,24.2462,27.9114,29.9999,27.7478,27.8236,22.0155,38.7909,0,24.2574,420,17.4973,100.958,101.434
5,1704398912.5,20,2024-01-04 14:08:32,14:08:32,5,"n","brit.lh.4.16","albert",1704398909.7,0.00050228597097843,0.502285970978436,-0.964343776072194,420.954901208189,462.889093047968,41.6430466799584,37.8705069193611,0.0284649163137188,2.74486660956738,0.0283019367971101,0.0177032756344611,0.026354601,25.1754399794862,24.99626,3.17896866916425,50.1578729935231,1.62498163597604,3.23973394203911,1.55398703318821,-22.150811320149,47.0521178223426,3.63158824810465,28.5592493512982,-0.973429576208182,0.502134104409053,-0.964343776072194,427.533875939247,428.710787878788,0.00019625183251911,64.9652018154754,0.502285970978436,17.470746741669,18.0626266666667,-1.25051092775798e-07,101.537209224151,6,1,1,0,47911,0.27582,0.110328,0.4,0.09555,6,0.5,"0: Broadleaf",2,TRUE,1704398909.7,420.9549,420.0404,18.06271,17.47101,417.4549,17.9337,499.9806,89.86334,0.09999529,25.31422,24.99626,999.9,0,0,9995.698,0,0.27582,0.9142578,428.6982,427.5095,0.5916977,420.0404,17.47101,1.623176,1.570003,14.18059,13.6675,0,0,0,0,2.07169,0,-3.87199,-1.51683,34.1746,40.0248,36.9496,38.806,35.3748,0,0,0,1704398916.3,0,1704398423,14:00:23,1704398423,1704398421.5,4,-0.042,-0.005,3.497,0.119,420,17,0.4,0.15,0.943681475,-0.00043205628517761,0.0414172770296331,1,0.594525425,-0.0166555609756104,0.00191682088218356,1,2,2,"2/2",3.13022,2.77097,0.0849899,0.0858247,0.0873379,0.0857391,27451,26895,30536.6,29671.6,38472.9,35705.9,46721.6,44104.6,1.83975,1.8274,0.0366941,0,24.3935,999.9,47.1,32.8,26.1827,63.4713,23.2732,1,0.0647739,0.435011,20.215,5.2387,11.974,4.9728,3.291,9999,9999,9999,999.9,4.97291,1.87713,1.87516,1.87805,1.87469,1.87835,1.8754,1.87654,0,0,0,0,11111111,"oooooooo","on","on","on","on",0,100,100,3.501,0.129,1.84635561048904,0.00465135869584951,-1.85592942386599e-06,4.86388403752433e-10,-0.0300618916790928,-0.00273754025504654,0.00076603553846402,-6.62231808541172e-06,1,2123,1,26,8.2,8.2,1.09863,2.55493,1.39893,2.34009,1.44897,2.47437,38.135,24.0525,18,486.855,444.12,24.2409,27.909,30,27.746,27.8213,22.0164,38.7909,0,24.2604,420,17.4973,100.962,101.435
6,1704398917.5,25,2024-01-04 14:08:37,14:08:37,5,"n","brit.lh.4.16","albert",1704398915,0.00050088672995015,0.500886729950157,-1.00315310793882,420.963667921998,465.200720745533,41.8501773308067,37.870543545437,0.0283946227156296,2.74692642780648,0.0282325655422005,0.0176598364189445,0.026354601,25.1737031586104,24.9924444444444,3.17824556905652,50.1589981376716,1.62480352905756,3.23930618509954,1.55344203999896,-22.0891047908019,47.323716425366,3.64970111345686,28.9106673490209,-0.994428943127274,0.500998266068494,-1.00315310793882,427.492890412932,428.717793939394,5.78306561646673e-05,64.9652018154754,0.500886729950157,17.4703140724031,18.0605284848485,-1.65444659839067e-06,101.537209224151,6,1,1,0,47908,0.27582,0.110328,0.4,0.09555,6,0.5,"0: Broadleaf",2,TRUE,1704398915,420.963666666667,420.023444444444,18.0610888888889,17.4707555555556,417.463555555556,17.9320888888889,500.005333333333,89.8616222222222,0.0999265555555556,25.312,24.9924444444444,999.9,0,0,10008.1133333333,0,0.27582,0.940192333333333,428.706444444444,427.491888888889,0.590306777777778,420.023444444444,17.4707555555556,1.62299777777778,1.56995111111111,14.1789,13.6669888888889,0,0,0,0,2.06964444444444,0,-3.87733333333333,-1.46944444444444,34.1873333333333,40.09,36.986,38.8955555555556,35.3887777777778,0,0,0,1704398921.7,0,1704398423,14:00:23,1704398423,1704398421.5,4,-0.042,-0.005,3.497,0.119,420,17,0.4,0.15,0.943331243902439,-0.014379324041812,0.040400498966238,1,0.593113317073171,-0.0234674843205578,0.00244784336577466,1,2,2,"2/2",3.13028,2.77109,0.0849948,0.0858194,0.0873312,0.0857299,27450.7,26895.4,30536.5,29671.8,38472.8,35706.4,46721.1,44104.8,1.83958,1.8274,0.0368431,0,24.3934,999.9,47.1,32.8,26.1857,63.2413,23.2131,1,0.0647866,0.382432,20.2154,5.2393,11.974,4.97295,3.291,9999,9999,9999,999.9,4.97291,1.87714,1.87518,1.87805,1.87469,1.87833,1.87538,1.87658,0,0,0,0,11111111,"oooooooo","on","on","on","on",0,100,100,3.5,0.1289,1.84635561048904,0.00465135869584951,-1.85592942386599e-06,4.86388403752433e-10,-0.0300618916790928,-0.00273754025504654,0.00076603553846402,-6.62231808541172e-06,1,2123,1,26,8.2,8.3,1.09863,2.55005,1.39893,2.34009,1.44897,2.48413,38.135,24.0525,18,486.743,444.111,24.249,27.9072,30,27.7436,27.8201,22.0135,38.7909,0,24.2652,420,17.4973,100.962,101.435
7,1704398922.5,30,2024-01-04 14:08:42,14:08:42,5,"n","brit.lh.4.16","albert",1704398919.7,0.00050224357697131,0.502243576971313,-0.981254602594453,420.966801233834,463.849045061111,41.7285797091061,37.8708265268912,0.0284611580121779,2.74606485660419,0.0282982920554134,0.017700987566084,0.026354601,25.1720175658627,24.99557,3.17883789405347,50.1630139950838,1.62481087329914,3.2390614994912,1.55402702075433,-22.1489417444349,46.6581296287799,3.59953226201876,28.1350747473638,-1.03270232977161,0.502426289290002,-0.981254602594453,427.467995270133,428.667975757575,-0.00033670709641868,64.9652018154754,0.502243576971313,17.4691156311647,18.0609006060606,-1.34935953300349e-08,101.537209224151,6,1,1,0,47703,0.27582,0.110328,0.4,0.09555,6,0.5,"0: Broadleaf",2,TRUE,1704398919.7,420.9668,419.9814,18.06117,17.46917,417.4666,17.93217,500.0188,89.86157,0.0999814,25.31073,24.99557,999.9,0,0,10003.005,0,0.27582,0.985278,428.7096,427.4488,0.5919931,419.9814,17.46917,1.623004,1.569808,14.17897,13.66558,0,0,0,0,2.01862,0,-3.95793,-1.48772,34.1748,40.1498,37.0124,38.9622,35.4308,0,0,0,1704398926.5,0,1704398423,14:00:23,1704398423,1704398421.5,4,-0.042,-0.005,3.497,0.119,420,17,0.4,0.15,0.958819146341464,-0.0306915679442498,0.0388260540268472,1,0.592255219512195,-0.012711010452963,0.00183841954276737,1,2,2,"2/2",3.1302,2.7711,0.0849879,0.0858126,0.0873377,0.085734,27450.7,26895.4,30536.3,29671.7,38472.5,35706.2,46721.1,44104.6,1.83965,1.82738,0.0363961,0,24.3934,999.9,47.1,32.8,26.1858,63.4313,23.141,1,0.0647383,0.366923,20.2153,5.23915,11.974,4.9727,3.291,9999,9999,9999,999.9,4.97292,1.87712,1.87516,1.87805,1.87469,1.8783,1.87534,1.87654,0,0,0,0,11111111,"oooooooo","on","on","on","on",0,100,100,3.5,0.129,1.84635561048904,0.00465135869584951,-1.85592942386599e-06,4.86388403752433e-10,-0.0300618916790928,-0.00273754025504654,0.00076603553846402,-6.62231808541172e-06,1,2123,1,26,8.3,8.3,1.09863,2.55005,1.39893,2.34009,1.44897,2.54028,38.135,24.0612,18,486.78,444.085,24.2598,27.9055,30,27.7431,27.8188,22.0175,38.7909,0,24.2678,420,17.4973,100.961,101.435
8,1704398927.5,35,2024-01-04 14:08:47,14:08:47,5,"n","brit.lh.4.16","albert",1704398925,0.00050215483395509,0.502154833955099,-1.00795295541393,420.93422348909,465.254062888573,41.8565364830417,37.8693064452649,0.028495658851863,2.74595651156197,0.0283323926215496,0.0177223360950092,0.026354601,25.1720070220137,24.9851444444444,3.17686251948973,50.1659813523939,1.62490408834409,3.23905571971144,1.55195843114565,-22.1450281774199,48.1952468702662,3.71806735396751,29.7946406478139,-1.01574246982332,0.502177418657526,-1.00795295541393,427.428513349362,428.659957575757,-0.00011620831390388,64.9652018154754,0.502154833955099,17.4699239489059,18.0615515151515,1.86238298918222e-07,101.537209224151,6,1,1,0,47728,0.27582,0.110328,0.4,0.09555,6,0.5,"0: Broadleaf",2,TRUE,1704398925,420.934222222222,419.969111111111,18.0615333333333,17.4698777777778,417.434444444444,17.9325333333333,500.061888888889,89.8648222222222,0.100080444444444,25.3107,24.9851444444444,999.9,0,0,10002,0,0.27582,0.965185777777778,428.676777777778,427.436333333333,0.591658666666667,419.969111111111,17.4698777777778,1.62309555555556,1.56992555555556,14.1798555555556,13.6667444444444,0,0,0,0,2.1378,0,-3.75232222222222,-1.51116666666667,34.1942222222222,40.215,37.0482222222222,39.0622222222222,35.451,0,0,0,1704398931.3,0,1704398423,14:00:23,1704398423,1704398421.5,4,-0.042,-0.005,3.497,0.119,420,17,0.4,0.15,0.953809512195122,0.22184017421603,0.0369446794962295,1,0.591420317073171,0.00128638327526046,0.00083832450318199,1,2,2,"2/2",3.13023,2.77107,0.0849875,0.0858253,0.087339,0.085737,27450.6,26895.6,30536,29672.2,38472,35706.8,46720.6,44105.5,1.83985,1.82755,0.0361726,0,24.3934,999.9,47.1,32.8,26.1835,63.3813,23.137,1,0.0646418,0.356223,20.2156,5.23915,11.974,4.9728,3.291,9999,9999,9999,999.9,4.97291,1.8771,1.87515,1.87805,1.87467,1.87828,1.87533,1.87654,0,0,0,0,11111111,"oooooooo","on","on","on","on",0,100,100,3.5,0.129,1.84635561048904,0.00465135869584951,-1.85592942386599e-06,4.86388403752433e-10,-0.0300618916790928,-0.00273754025504654,0.00076603553846402,-6.62231808541172e-06,1,2123,1,26,8.4,8.4,1.09863,2.54639,1.39893,2.34009,1.44897,2.55737,38.135,24.0612,18,486.878,444.176,24.2669,27.9037,29.9999,27.7413,27.8165,22.0175,38.7909,0,24.2767,420,17.4973,100.96,101.437
9,1704398932.5,40,2024-01-04 14:08:52,14:08:52,5,"n","brit.lh.4.16","albert",1704398929.7,0.00050124929178832,0.501249291788326,-1.01128147708982,420.92540127013,465.541082991954,41.8818641089183,37.8680659990048,0.0284383867373174,2.74483236363379,0.0282757079220172,0.0176868557852518,0.026354601,25.1729948750888,24.98594,3.1770132189863,50.1593847709946,1.62476676592309,3.23920792358408,1.55224645306322,-22.1050937678652,48.1746944474861,3.71803356436325,29.8139888449841,-0.979115670650772,0.501556747706054,-1.01128147708982,427.451891025361,428.686406060606,0.00012813407737417,64.9652018154754,0.501249291788326,17.4690042064087,18.0596503030303,-1.09307956511569e-06,101.537209224151,6,1,1,0,47794,0.27582,0.110328,0.4,0.09555,6,0.5,"0: Broadleaf",2,TRUE,1704398929.7,420.9254,420.0038,18.06022,17.46922,417.4254,17.93127,499.9985,89.86386,0.0999813,25.31149,24.98594,999.9,0,0,9995.437,0,0.27582,0.9214203,428.6672,427.4715,0.5909947,420.0038,17.46922,1.622961,1.569852,14.17857,13.66601,0,0,0,0,2.10624,0,-3.49679,-1.543,34.2248,40.2748,37.062,39.1311,35.4811,0,0,0,1704398936.7,0,1704398423,14:00:23,1704398423,1704398421.5,4,-0.042,-0.005,3.497,0.119,420,17,0.4,0.15,0.957587175,-0.0742682814258915,0.0315420867079902,1,0.59120845,0.00247177485928509,0.00078514533527239,1,2,2,"2/2",3.13017,2.77098,0.0849871,0.0858347,0.0873294,0.0857258,27451,26895.6,30536.5,29672.5,38473.1,35707.5,46721.4,44106,1.83985,1.82762,0.0362471,0,24.393,999.9,47.1,32.8,26.1854,63.6013,23.2332,1,0.0642302,0.341375,20.2156,5.23915,11.974,4.9729,3.291,9999,9999,9999,999.9,4.97293,1.87714,1.87517,1.87805,1.87469,1.8783,1.87538,1.87655,0,0,0,0,11111111,"oooooooo","on","on","on","on",0,100,100,3.5,0.1289,1.84635561048904,0.00465135869584951,-1.85592942386599e-06,4.86388403752433e-10,-0.0300618916790928,-0.00273754025504654,0.00076603553846402,-6.62231808541172e-06,1,2123,1,26,8.5,8.5,1.09863,2.55371,1.39893,2.34131,1.44897,2.48779,38.135,24.0525,18,486.863,444.215,24.2769,27.9013,29.9999,27.7389,27.8154,22.0145,38.7909,0,24.2866,420,17.4973,100.962,101.438
10,1704398937.5,45,2024-01-04 14:08:57,14:08:57,5,"n","brit.lh.4.16","albert",1704398935,0.00050408717362145,0.50408717362145,-0.992999700328138,420.94677902446,464.250421030024,41.7639957308862,37.8683974978471,0.0285870258184742,2.74679507663236,0.0284227640427215,0.0177789069772161,0.026354601,25.1730234016291,24.9890111111111,3.17759502816385,50.1554399766949,1.62470867028667,3.23934686056308,1.55288635787718,-22.230244356706,47.8611418665982,3.69126514955707,29.3485172604493,-0.981332445174408,0.503802097787146,-0.992999700328138,427.499465451035,428.711587878788,0.00014060874253661,64.9652018154754,0.50408717362145,17.4664354192969,18.0604133333333,3.2567870228329e-07,101.537209224151,6,1,1,0,47755,0.27582,0.110328,0.4,0.09555,6,0.5,"0: Broadleaf",2,TRUE,1704398935,420.946777777778,420.023666666667,18.0603333333333,17.4666888888889,417.446888888889,17.9313555555556,499.999555555556,89.8600777777778,0.0999822222222222,25.3122111111111,24.9890111111111,999.9,0,0,10007.5055555556,0,0.27582,0.923234777777778,428.689111111111,427.490555555556,0.593644666666667,420.023666666667,17.4666888888889,1.62290333333333,1.56955666666667,14.178,13.6631555555556,0,0,0,0,2.0802,0,-3.38543333333333,-1.56252222222222,34.208,40.354,37.104,39.201,35.5,0,0,0,1704398941.5,0,1704398423,14:00:23,1704398423,1704398421.5,4,-0.042,-0.005,3.497,0.119,420,17,0.4,0.15,0.950101268292683,-0.287649783972123,0.0412560927645398,1,0.59198943902439,0.00478145644599221,0.00104702559077865,1,2,2,"2/2",3.13023,2.77114,0.0849893,0.0858177,0.0873317,0.0857208,27451.1,26896,30536.6,29672.5,38473,35707.7,46721.4,44105.9,1.8397,1.8275,0.0363216,0,24.3913,999.9,47.1,32.8,26.1852,63.5513,23.2131,1,0.064093,0.335373,20.2155,5.2387,11.974,4.9727,3.291,9999,9999,9999,999.9,4.97291,1.87714,1.87515,1.87805,1.87469,1.87833,1.87533,1.87653,0,0,0,0,11111111,"oooooooo","on","on","on","on",0,100,100,3.5,0.129,1.84635561048904,0.00465135869584951,-1.85592942386599e-06,4.86388403752433e-10,-0.0300618916790928,-0.00273754025504654,0.00076603553846402,-6.62231808541172e-06,1,2123,1,26,8.6,8.6,1.09863,2.55249,1.39893,2.34009,1.44897,2.49878,38.135,24.0525,18,486.772,444.126,24.2878,27.8989,30,27.7377,27.8141,22.0179,38.7909,0,24.2943,420,17.4973,100.962,101.438
11,1704398942.5,50,2024-01-04 14:09:02,14:09:02,5,"n","brit.lh.4.16","albert",1704398939.7,0.00050312042144279,0.50312042144279,-1.02518796438663,420.945501291417,466.13144128954,41.9339691906884,37.8689659579273,0.0285397590488292,2.74668881867978,0.0283760320428059,0.0177496518124485,0.026354601,25.1757648048689,24.9866,3.17713824537674,50.1460534803431,1.62464413121471,3.2398245095231,1.55249411416203,-22.187610585627,48.5833990842777,3.74711511982714,30.1692582194778,-0.993837291820288,0.503367878193989,-1.02518796438663,427.464643199031,428.71616969697,0.00011052867904615,64.9652018154754,0.50312042144279,17.4660670885243,18.0588921212121,-8.65767241100134e-07,101.537209224151,6,1,1,0,47599,0.27582,0.110328,0.4,0.09555,6,0.5,"0: Broadleaf",2,TRUE,1704398939.7,420.9455,420.0072,18.05929,17.46618,417.4456,17.93036,500.0193,89.86171,0.0999735,25.31469,24.9866,999.9,0,0,10006.693,0,0.27582,0.9383758,428.6872,427.4734,0.5931226,420.0072,17.46618,1.62284,1.569541,14.17741,13.66298,0,0,0,0,2.05617,0,-3.56415,-1.57124,34.256,40.3874,37.156,39.2874,35.5248,0,0,0,1704398946.3,0,1704398423,14:00:23,1704398423,1704398421.5,4,-0.042,-0.005,3.497,0.119,420,17,0.4,0.15,0.93842685,-0.156965290806756,0.036981423084131,1,0.59224495,0.00788352720450188,0.00112339231682435,1,2,2,"2/2",3.13022,2.7709,0.0849951,0.0858249,0.0873293,0.0857184,27451.1,26895.8,30536.9,29672.4,38473.6,35707.6,46722,44105.7,1.83975,1.82738,0.0362471,0,24.3909,999.9,47.1,32.8,26.1833,63.5013,23.2091,1,0.0640955,0.331081,20.2155,5.2387,11.974,4.9721,3.291,9999,9999,9999,999.9,4.97292,1.87714,1.8752,1.87805,1.8747,1.87835,1.87538,1.87658,0,0,0,0,11111111,"oooooooo","on","on","on","on",0,100,100,3.5,0.129,1.84635561048904,0.00465135869584951,-1.85592942386599e-06,4.86388403752433e-10,-0.0300618916790928,-0.00273754025504654,0.00076603553846402,-6.62231808541172e-06,1,2123,1,26,8.7,8.7,1.09863,2.55127,1.39893,2.34009,1.44897,2.49634,38.135,24.0525,18,486.788,444.032,24.2965,27.8965,30,27.736,27.8119,22.0164,38.7909,0,24.3037,420,17.4973,100.963,101.437
12,1704398947.5,55,2024-01-04 14:09:07,14:09:07,5,"n","brit.lh.4.16","albert",1704398945,0.0005036991294258,0.503699129425809,-1.01748823526315,420.956001275306,465.624126998018,41.8891150023911,37.8706199398535,0.0285890230996424,2.74521683490857,0.0284246445793098,0.0177800926952838,0.026354601,25.1761012037527,24.9825555555556,3.17637215794253,50.1465370047122,1.62471444808902,3.23993349318687,1.55165770985351,-22.2131316076782,49.2396432521945,3.79969944717268,30.852565692689,-1.03740891965243,0.503692776836528,-1.01748823526315,427.427494877693,428.671333333333,-0.00024580168681648,64.9652018154754,0.503699129425809,17.4663286251654,18.0598436363636,4.78455488402414e-07,101.537209224151,6,1,1,0,47881,0.27582,0.110328,0.4,0.09555,6,0.5,"0: Broadleaf",2,TRUE,1704398945,420.956,419.965555555556,18.0597333333333,17.4662222222222,417.455777777778,17.9307777777778,500.003666666667,89.8634222222222,0.0999464555555556,25.3152555555556,24.9825555555556,999.9,0,0,9997.76666666667,0,0.27582,0.990575888888889,428.698,427.430888888889,0.593515777777778,419.965555555556,17.4662222222222,1.62291,1.56957444444444,14.1780666666667,13.6633111111111,0,0,0,0,2.0926,0,-3.17411111111111,-1.56186666666667,34.1177777777778,40.465,37.1663333333333,39.368,35.5551111111111,0,0,0,1704398951.7,0,1704398423,14:00:23,1704398423,1704398421.5,4,-0.042,-0.005,3.497,0.119,420,17,0.4,0.15,0.940661425,0.250060761726078,0.0376594050456772,1,0.59270865,0.00912990619136882,0.00118187635880408,1,2,2,"2/2",3.13016,2.77099,0.0849892,0.0858224,0.0873347,0.0857231,27451.6,26895.7,30537.3,29672.3,38473.8,35707.5,46722.5,44105.7,1.83987,1.82762,0.0360981,0,24.3892,999.9,47.1,32.8,26.181,63.2113,23.4054,1,0.0640218,0.320678,20.2156,5.23915,11.974,4.97275,3.291,9999,9999,9999,999.9,4.97295,1.87714,1.87522,1.87806,1.87469,1.87836,1.8754,1.87659,0,0,0,0,11111111,"oooooooo","on","on","on","on",0,100,100,3.5,0.129,1.84635561048904,0.00465135869584951,-1.85592942386599e-06,4.86388403752433e-10,-0.0300618916790928,-0.00273754025504654,0.00076603553846402,-6.62231808541172e-06,1,2123,1,26,8.7,8.8,1.09863,2.55493,1.39893,2.34009,1.44897,2.40601,38.135,24.0525,18,486.844,444.179,24.3059,27.8948,29.9999,27.7342,27.8107,22.0169,38.7909,0,24.3147,420,17.4973,100.964,101.437
13,1704399918.1,1025.59999990463,2024-01-04 14:25:18,14:25:18,5,"n","brit.lh.4.16","albert",1704399915.1,0.000584754095812,0.584754095812004,-0.832477127885013,420.770546500359,448.918587081961,40.3902491705599,37.857704505515,0.0330542829622986,2.74680424580461,0.032834885333776,0.0205413938045198,0.026354601,25.1111899527409,24.9893363636364,3.17765665134905,50.0674563307697,1.61804921212897,3.23173839996855,1.55960743922009,-25.7876556253094,41.9594129532575,3.23544818778948,19.4335601167376,-0.869617485127853,0.585270668590177,-0.832477127885013,427.416235602534,428.433642424242,-0.00018806328945749,65.0032872493372,0.584754095812004,17.2941602700978,17.9832460606061,-2.86003559634795e-06,103.076585067746,6,1,1,0,47731,0.27582,0.110328,0.4,0.09555,6,0.5,"0: Broadleaf",2,TRUE,1704399915.1,420.770545454545,420.022545454545,17.9838545454545,17.2941818181818,417.270818181818,17.8562545454545,500.015636363636,89.8723727272727,0.0999526181818182,25.2726818181818,24.9893363636364,999.9,0,0,10006.1909090909,0,0.27582,0.747919363636364,428.476,427.414181818182,0.689663727272727,420.022545454545,17.2941818181818,1.61625090909091,1.55426727272727,14.1146272727273,13.5127545454545,0,0,0,0,2.09672727272727,0,-4.4552,-1.38390909090909,34.1135454545455,39.0054545454545,36.5507272727273,37.7554545454545,35.1076363636364,0,0,0,1704399921.9,0,1704398423,14:00:23,1704398423,1704398421.5,4,-0.042,-0.005,3.497,0.119,420,17,0.4,0.15,0.7456047,-0.00386800750469239,0.0267669419996009,1,0.694800925,-0.055067628517825,0.00563940541363848,1,2,2,"2/2",3.13019,2.77105,0.0849649,0.0858337,0.0870794,0.0851318,27445.6,26888.6,30529.9,29664.9,38476.5,35722.3,46712.5,44095.2,1.83823,1.82685,0.0315458,0,24.4756,999.9,47.2,32.7,26.089,63.6086,23.2812,1,0.0690346,0.484858,20.2147,5.2399,11.974,4.97315,3.291,9999,9999,9999,999.9,4.97294,1.87717,1.87523,1.8781,1.87469,1.87836,1.87546,1.87664,0,0,0,0,11111111,"oooooooo","on","on","on","on",0,100,100,3.499,0.1276,1.84635561048904,0.00465135869584951,-1.85592942386599e-06,4.86388403752433e-10,-0.0300618916790928,-0.00273754025504654,0.00076603553846402,-6.62231808541172e-06,1,2123,1,26,24.9,24.9,1.09741,2.55493,1.39893,2.33887,1.44897,2.48169,38.0863,24.0437,18,485.952,443.651,24.1628,27.9345,30.0002,27.7366,27.8047,22.0043,39.5779,0,24.1672,420,17.2946,100.942,101.413
14,1704399923.1,1030.59999990463,2024-01-04 14:25:23,14:25:23,5,"n","brit.lh.4.16","albert",1704399920.6,0.00058198267488608,0.581982674886089,-0.839393230318955,420.730001053757,449.41689125516,40.4364753584255,37.8553602483565,0.0328805638489646,2.74575906275571,0.0326633760533236,0.0204340037640399,0.026354601,25.1137732816763,24.9928,3.17831294563723,50.0571374151933,1.61789608643618,3.23209869756779,1.56041685920105,-25.6654359624765,41.708095295442,3.21737993434387,19.2863938683093,-0.881229603785743,0.582707018390808,-0.839393230318955,427.364631078807,428.390224242424,-0.00014283200650845,65.0032872493372,0.581982674886089,17.2950283774942,17.9808266666667,-3.89580911838831e-06,103.076585067746,6,1,1,0,47796,0.27582,0.110328,0.4,0.09555,6,0.5,"0: Broadleaf",2,TRUE,1704399920.6,420.73,419.966777777778,17.9815333333333,17.2949111111111,417.230888888889,17.8539666666667,500.038333333333,89.8754111111111,0.100012922222222,25.2745555555556,24.9928,999.9,0,0,9999.65,0,0.27582,0.763251444444444,428.433888888889,427.357888888889,0.686609333333333,419.966777777778,17.2949111111111,1.61609777777778,1.55438666666667,14.1131444444444,13.5138888888889,0,0,0,0,2.1348,0,-4.11407777777778,-1.37518888888889,34.1387777777778,39.097,36.6387777777778,37.8887777777778,35.1454444444444,0,0,0,1704399927.3,0,1704398423,14:00:23,1704398423,1704398421.5,4,-0.042,-0.005,3.497,0.119,420,17,0.4,0.15,0.745163341463415,0.107466125435542,0.0246192152731132,1,0.690718658536585,-0.0332420069686399,0.00352672049422382,1,2,2,"2/2",3.13024,2.77098,0.0849569,0.08583,0.0870724,0.0851346,27444.9,26887.8,30528.9,29664,38475.4,35721,46710.8,44093.7,1.83835,1.82682,0.0314787,0,24.4756,999.9,47.2,32.7,26.0897,63.3486,23.2893,1,0.0690447,0.494306,20.2147,5.2396,11.974,4.9724,3.291,9999,9999,9999,999.9,4.9729,1.87715,1.87523,1.87807,1.8747,1.87836,1.87546,1.8766,0,0,0,0,11111111,"oooooooo","on","on","on","on",0,100,100,3.499,0.1276,1.84635561048904,0.00465135869584951,-1.85592942386599e-06,4.86388403752433e-10,-0.0300618916790928,-0.00273754025504654,0.00076603553846402,-6.62231808541172e-06,1,2123,1,26,25,25,1.09741,2.55005,1.39893,2.34009,1.44897,2.52075,38.1106,24.0525,18,486.021,443.654,24.1705,27.937,30.0001,27.7366,27.807,22.0056,39.5779,0,24.1721,420,17.2946,100.938,101.409
15,1704399928.1,1035.59999990463,2024-01-04 14:25:28,14:25:28,5,"n","brit.lh.4.16","albert",1704399925.3,0.00058229309068733,0.582293090687335,-0.866798212344109,420.676201090347,450.673333237248,40.5483097419759,37.8493858963459,0.0328885001147972,2.74511323932178,0.0326711570804583,0.0204388807115067,0.026354601,25.1116665182813,24.99421,3.17858014817981,50.0585913710375,1.6177519571199,3.23171689976055,1.56082819105991,-25.6791252993115,41.1957615345967,3.17859670425092,18.7215875405361,-0.812005131576243,0.581425768543523,-0.866798212344109,427.393037958992,428.419715151515,0.00675128938705982,65.0032872493372,0.582293090687335,17.2954771877266,17.9816254545455,5.75889163945005e-06,103.076585067746,6,1,1,0,47717,0.27582,0.110328,0.4,0.09555,6,0.5,"0: Broadleaf",2,TRUE,1704399925.3,420.6762,419.9953,17.98047,17.2953,417.1771,17.85294,499.9969,89.8727,0.10002914,25.27257,24.99421,999.9,0,0,9996.12,0,0.27582,0.6812531,428.3787,427.3868,0.6851874,419.9953,17.2953,1.615954,1.554373,14.11178,13.51378,0,0,0,0,2.04095,0,-3.95859,-1.39429,34.1434,39.2123,36.6684,37.9623,35.1935,0,0,0,1704399932.1,0,1704398423,14:00:23,1704398423,1704398421.5,4,-0.042,-0.005,3.497,0.119,420,17,0.4,0.15,0.7345917,-0.217786806754223,0.0401770011693257,1,0.68812545,-0.0221788818011271,0.00225139813171726,1,2,2,"2/2",3.1302,2.77107,0.0849614,0.0858364,0.087073,0.0851326,27445.4,26888.5,30529.6,29664.9,38476.4,35722.3,46712.1,44095.2,1.83823,1.82687,0.0313371,0,24.4756,999.9,47.2,32.7,26.0868,63.6286,23.3534,1,0.0690904,0.501855,20.2146,5.2399,11.974,4.973,3.291,9999,9999,9999,999.9,4.97293,1.87714,1.87518,1.87806,1.87469,1.87835,1.87546,1.87655,0,0,0,0,11111111,"oooooooo","on","on","on","on",0,100,100,3.499,0.1275,1.84635561048904,0.00465135869584951,-1.85592942386599e-06,4.86388403752433e-10,-0.0300618916790928,-0.00273754025504654,0.00076603553846402,-6.62231808541172e-06,1,2123,1,26,25.1,25.1,1.09741,2.54639,1.39893,2.34009,1.44897,2.54883,38.1106,24.0525,18,485.952,443.685,24.175,27.937,30.0001,27.7366,27.807,22.0061,39.5779,0,24.1762,420,17.2946,100.941,101.413
16,1704399933.1,1040.59999990463,2024-01-04 14:25:33,14:25:33,5,"n","brit.lh.4.16","albert",1704399930.6,0.0005812747704871,0.581274770487101,-0.883187049144555,420.729667776445,451.566072530063,40.6283002091137,37.8538873691934,0.0328571597442724,2.74580274954669,0.0326402833490041,0.0204195431034773,0.026354601,25.1118267318885,24.9876888888889,3.17734452727136,50.0597602206067,1.61777443743793,3.23168634909279,1.55957008983343,-25.6342173784811,42.1479196609449,3.25113777058728,19.7911946540511,-0.858857744736755,0.581962057129618,-0.883187049144555,427.375567475129,428.447793939394,0.00131704169969723,65.0032872493372,0.581274770487101,17.2950393941354,17.9800303030303,-4.49126953966149e-06,103.076585067746,6,1,1,0,47748,0.27582,0.110328,0.4,0.09555,6,0.5,"0: Broadleaf",2,TRUE,1704399930.6,420.729666666667,419.992888888889,17.9808666666667,17.2951,417.230555555556,17.8533222222222,500.022444444444,89.8719888888889,0.100005644444444,25.2724111111111,24.9876888888889,999.9,0,0,10000.29,0,0.27582,0.736884222222222,428.433555555556,427.384555555556,0.685757888888889,419.992888888889,17.2951,1.61597444444444,1.55434666666667,14.1119888888889,13.5134777777778,0,0,0,0,2.09586666666667,0,-4.01713333333333,-1.41462222222222,34.1456666666667,39.3052222222222,36.736,38.083,35.25,0,0,0,1704399936.9,0,1704398423,14:00:23,1704398423,1704398421.5,4,-0.042,-0.005,3.497,0.119,420,17,0.4,0.15,0.729623951219512,-0.152958459930314,0.0379149800358588,1,0.686949487804878,-0.0160507944250861,0.00191265077354925,1,2,2,"2/2",3.13024,2.77091,0.0849661,0.085832,0.0870674,0.0851376,27445.3,26888.8,30529.7,29665.1,38476.6,35722.4,46712,44095.5,1.8383,1.82668,0.0313669,0,24.4756,999.9,47.2,32.7,26.09,63.5786,23.2933,1,0.0690752,0.499744,20.2149,5.23945,11.974,4.973,3.291,9999,9999,9999,999.9,4.97291,1.87714,1.87517,1.87805,1.87469,1.87834,1.87543,1.87654,0,0,0,0,11111111,"oooooooo","on","on","on","on",0,100,100,3.5,0.1275,1.84635561048904,0.00465135869584951,-1.85592942386599e-06,4.86388403752433e-10,-0.0300618916790928,-0.00273754025504654,0.00076603553846402,-6.62231808541172e-06,1,2123,1,26,25.2,25.2,1.09741,2.55127,1.39893,2.34009,1.44897,2.52686,38.1106,24.0525,18,486.004,443.56,24.1784,27.937,30.0001,27.7381,27.807,22.0044,39.5779,0,24.1846,420,17.2946,100.941,101.413
17,1704399938.1,1045.59999990463,2024-01-04 14:25:38,14:25:38,5,"n","brit.lh.4.16","albert",1704399935.3,0.00057952516142101,0.579525161421016,-0.811959765764037,420.717701020576,448.227930516419,40.3274722052216,37.8523519821808,0.0327645576861991,2.74560660870073,0.0325488823967377,0.0203623105782304,0.026354601,25.1129789307946,24.9853,3.17689198538043,50.0543291667493,1.61766426194901,3.23181688552848,1.55922772343142,-25.5570596186668,42.5990048844905,3.28613933398141,20.3544392008051,-0.839687632949361,0.579613607372997,-0.811959765764037,427.38668158941,428.386945454545,-0.00186091355678407,65.0032872493372,0.579525161421016,17.296986307623,17.9799090909091,3.9583418679772e-07,103.076585067746,6,1,1,0,47739,0.27582,0.110328,0.4,0.09555,6,0.5,"0: Broadleaf",2,TRUE,1704399935.3,420.7177,420.0027,17.97986,17.29683,417.2185,17.85235,500.0005,89.87093,0.09997422,25.27309,24.9853,999.9,0,0,9999.244,0,0.27582,0.7149322,428.4207,427.3953,0.683036,420.0027,17.29683,1.615868,1.554482,14.11096,13.51484,0,0,0,0,1.96591,0,-3.80277,-1.44384,34.1622,39.3936,36.7624,38.1936,35.2686,0,0,0,1704399942.3,0,1704398423,14:00:23,1704398423,1704398421.5,4,-0.042,-0.005,3.497,0.119,420,17,0.4,0.15,0.722498325,-0.0848320412757974,0.0383223221063048,1,0.685366425,-0.0141185403377129,0.00169803913216832,1,2,2,"2/2",3.1303,2.77093,0.0849582,0.0858372,0.0870676,0.0851393,27445.6,26888.1,30529.8,29664.6,38476.6,35721.6,46712.1,44094.7,1.83832,1.82658,0.0312701,0,24.4756,999.9,47.2,32.7,26.0911,63.5886,23.2973,1,0.0691311,0.483584,20.215,5.2399,11.974,4.97305,3.291,9999,9999,9999,999.9,4.97295,1.87714,1.87517,1.87805,1.87469,1.87836,1.87543,1.87653,0,0,0,0,11111111,"oooooooo","on","on","on","on",0,100,100,3.5,0.1275,1.84635561048904,0.00465135869584951,-1.85592942386599e-06,4.86388403752433e-10,-0.0300618916790928,-0.00273754025504654,0.00076603553846402,-6.62231808541172e-06,1,2123,1,26,25.3,25.3,1.09741,2.55127,1.39893,2.34009,1.44897,2.52197,38.1106,24.0525,18,486.023,443.498,24.1852,27.9391,30.0002,27.7389,27.807,22.0047,39.5779,0,24.1947,420,17.2946,100.941,101.412
18,1704399943.1,1050.59999990463,2024-01-04 14:25:43,14:25:43,5,"n","brit.lh.4.16","albert",1704399940.6,0.00058056860186464,0.58056860186464,-0.878067477026016,420.700889990818,451.35896984933,40.6097673356485,37.8513919112551,0.0327990691349475,2.74483281183829,0.0325828803794269,0.0203836050113121,0.026354601,25.1135695947351,24.9921333333333,3.17818661557229,50.0548715248224,1.61777044624438,3.23199400370476,1.56041616932791,-25.6030753422306,41.7121119132579,3.21875598282005,19.3541471548473,-0.84298403247373,0.580421586255355,-0.878067477026016,427.388367200793,428.451618181818,0.00190462125047452,65.0032872493372,0.58056860186464,17.2968313568663,17.9809745454545,1.03082548374219e-06,103.076585067746,6,1,1,0,47837,0.27582,0.110328,0.4,0.09555,6,0.5,"0: Broadleaf",2,TRUE,1704399940.6,420.700888888889,419.982333333333,17.9807777777778,17.2968,417.201888888889,17.8532333333333,500.003222222222,89.8721888888889,0.100028455555556,25.2740111111111,24.9921333333333,999.9,0,0,9994.51333333333,0,0.27582,0.718451666666667,428.404111111111,427.374777777778,0.68399,419.982333333333,17.2968,1.61597222222222,1.5545,14.1119666666667,13.5150222222222,0,0,0,0,1.98165555555556,0,-3.51716666666667,-1.46561111111111,34.201,39.486,36.812,38.3192222222222,35.312,0,0,0,1704399947.1,0,1704398423,14:00:23,1704398423,1704398421.5,4,-0.042,-0.005,3.497,0.119,420,17,0.4,0.15,0.710364365853659,0.0967984181184685,0.0422875960639305,1,0.684514609756098,-0.00791575609755983,0.00129076379124254,1,2,2,"2/2",3.1302,2.77097,0.0849685,0.0858247,0.0870724,0.0851427,27445.6,26888.7,30530,29664.8,38476.7,35721.7,46712.5,44095,1.83847,1.82668,0.0314116,0,24.4768,999.9,47.2,32.7,26.0883,63.5986,23.3413,1,0.0691311,0.473396,20.2149,5.23975,11.974,4.9731,3.291,9999,9999,9999,999.9,4.97292,1.87713,1.87516,1.87805,1.87468,1.8783,1.87539,1.87654,0,0,0,0,11111111,"oooooooo","on","on","on","on",0,100,100,3.5,0.1276,1.84635561048904,0.00465135869584951,-1.85592942386599e-06,4.86388403752433e-10,-0.0300618916790928,-0.00273754025504654,0.00076603553846402,-6.62231808541172e-06,1,2123,1,26,25.3,25.4,1.09741,2.54761,1.39893,2.34009,1.44897,2.52441,38.0863,24.0525,18,486.106,443.575,24.1947,27.9393,30.0002,27.7389,27.809,22.0053,39.5779,0,24.2007,420,17.2946,100.942,101.412
19,1704399948.1,1055.59999990463,2024-01-04 14:25:48,14:25:48,5,"n","brit.lh.4.16","albert",1704399945.3,0.00057865621148101,0.578656211481019,-0.850019307313988,420.743301067697,450.197742185656,40.5057367870419,37.8556261193579,0.0326694914120257,2.74685208993589,0.032455157988066,0.0203036133893306,0.026354601,25.1153967876016,24.99742,3.17918853356945,50.0517234051877,1.61778312797746,3.23222262474539,1.56140540559199,-25.5187389263129,41.1359651608169,3.17206687575561,18.8156477112596,-0.884393565161424,0.579526175290569,-0.850019307313988,427.378458527509,428.431866666666,-0.00326908171312098,65.0032872493372,0.578656211481019,17.2977746050938,17.9797333333333,-4.45422324584872e-06,103.076585067746,6,1,1,0,47737,0.27582,0.110328,0.4,0.09555,6,0.5,"0: Broadleaf",2,TRUE,1704399945.3,420.7433,419.9746,17.98072,17.29777,417.244,17.85319,499.9832,89.87327,0.09994175,25.2752,24.99742,999.9,0,0,10006.375,0,0.27582,0.768576,428.447,427.3671,0.6829646,419.9746,17.29777,1.615988,1.554607,14.1121,13.51607,0,0,0,0,2.0539,0,-3.56499,-1.48837,34.2123,39.5621,36.8309,38.4184,35.3309,0,0,0,1704399951.9,0,1704398423,14:00:23,1704398423,1704398421.5,4,-0.042,-0.005,3.497,0.119,420,17,0.4,0.15,0.730736525,0.152326840525327,0.0421002453211305,1,0.684021275,-0.00974741088180293,0.00134651373902198,1,2,2,"2/2",3.13023,2.77106,0.0849638,0.0858277,0.0870697,0.0851432,27445.9,26889,30530.2,29665.2,38477.1,35722.3,46712.7,44095.7,1.8383,1.82652,0.0317469,0,24.4777,999.9,47.2,32.7,26.0871,63.6686,23.3454,1,0.0692759,0.476367,20.2149,5.2396,11.974,4.97315,3.291,9999,9999,9999,999.9,4.97291,1.87712,1.87515,1.87805,1.87468,1.87827,1.87536,1.87653,0,0,0,0,11111111,"oooooooo","on","on","on","on",0,100,100,3.499,0.1275,1.84635561048904,0.00465135869584951,-1.85592942386599e-06,4.86388403752433e-10,-0.0300618916790928,-0.00273754025504654,0.00076603553846402,-6.62231808541172e-06,1,2123,1,26,25.4,25.4,1.09741,2.54883,1.39893,2.34009,1.44897,2.53174,38.1106,24.0525,18,486.01,443.485,24.2017,27.9393,30.0002,27.7389,27.8094,22.005,39.5779,0,24.2031,420,17.2946,100.942,101.414
20,1704399953.1,1060.59999990463,2024-01-04 14:25:53,14:25:53,5,"n","brit.lh.4.16","albert",1704399950.6,0.00057876012219425,0.578760122194258,-0.877447542003953,420.734445545763,451.522614619887,40.625098783679,37.854977488519,0.0326655850269238,2.74449651713046,0.0324511200622791,0.0203011013463001,0.026354601,25.1179188080571,24.9999222222222,3.17966284571469,50.0436737293342,1.61778066107438,3.23273760800275,1.56188218464031,-25.5233213887668,41.1266642947563,3.17415432991179,18.8038518369013,-0.847503174747095,0.57823426654885,-0.877447542003953,427.406997985381,428.467575757576,0.00229363025380419,65.0032872493372,0.578760122194258,17.2999969285572,17.9819187878788,5.53255446686282e-06,103.076585067746,6,1,1,0,47840,0.27582,0.110328,0.4,0.09555,6,0.5,"0: Broadleaf",2,TRUE,1704399950.6,420.734444444444,420.009444444444,17.9806222222222,17.2992777777778,417.235222222222,17.8530777777778,500.044222222222,89.8735555555556,0.100008266666667,25.2778777777778,24.9999222222222,999.9,0,0,9992.36666666667,0,0.27582,0.725253777777778,428.438,427.402888888889,0.681337222222222,420.009444444444,17.2992777777778,1.61598111111111,1.55474666666667,14.1120555555556,13.5174666666667,0,0,0,0,2.09878888888889,0,-3.74824444444444,-1.52313333333333,34.1802222222222,39.6456666666667,36.8816666666667,38.5,35.3816666666667,0,0,0,1704399957.3,0,1704398423,14:00:23,1704398423,1704398421.5,4,-0.042,-0.005,3.497,0.119,420,17,0.4,0.15,0.731927658536585,0.0999056027874552,0.0412092321254741,1,0.682859073170732,-0.00657401393728055,0.00101426930060918,1,2,2,"2/2",3.1302,2.77095,0.084972,0.0858369,0.0870767,0.0851506,27445.1,26888.4,30529.6,29664.8,38476,35721.7,46711.8,44095.4,1.83818,1.82673,0.0319034,0,24.4797,999.9,47.2,32.7,26.0863,63.2886,23.2772,1,0.0692912,0.49082,20.215,5.23975,11.974,4.973,3.291,9999,9999,9999,999.9,4.97293,1.87712,1.87515,1.87805,1.87467,1.8783,1.87534,1.87653,0,0,0,0,11111111,"oooooooo","on","on","on","on",0,100,100,3.5,0.1276,1.84635561048904,0.00465135869584951,-1.85592942386599e-06,4.86388403752433e-10,-0.0300618916790928,-0.00273754025504654,0.00076603553846402,-6.62231808541172e-06,1,2123,1,26,25.5,25.5,1.09741,2.55127,1.39893,2.34009,1.44897,2.50244,38.0863,24.0525,18,485.953,443.609,24.2053,27.9414,30.0002,27.7407,27.8094,22.0051,39.5779,0,24.2034,420,17.2946,100.94,101.413
21,1704399958.1,1065.59999990463,2024-01-04 14:25:58,14:25:58,5,"n","brit.lh.4.16","albert",1704399955.3,0.00057819549107925,0.578195491079258,-0.863197248996914,420.754001082811,450.89018185639,40.5692582506518,37.8577277057684,0.0326337102367523,2.74677795091693,0.0324198386617303,0.020281497691715,0.026354601,25.1206807460704,25.00068,3.17980649951346,50.0400639856126,1.61790287808712,3.23321504655209,1.56190362142634,-25.4984211565953,41.416215035429,3.19389894897758,19.1380474288113,-0.874978336074484,0.579131205584528,-0.863197248996914,427.375046998739,428.4346,-0.00115452075176385,65.0032872493372,0.578195491079258,17.2990055860957,17.9804309090909,-4.99306186201136e-06,103.076585067746,6,1,1,0,47804,0.27582,0.110328,0.4,0.09555,6,0.5,"0: Broadleaf",2,TRUE,1704399955.3,420.754,419.9964,17.98151,17.29902,417.2545,17.85395,499.9788,89.876,0.09991849,25.28036,25.00068,999.9,0,0,10005.631,0,0.27582,0.7576203,428.4581,427.3899,0.682497,419.9964,17.29902,1.616105,1.554765,14.11325,13.51764,0,0,0,0,2.09769,0,-3.55486,-1.52356,34.175,39.7185,36.9308,38.5999,35.4184,0,0,0,1704399962.1,0,1704398423,14:00:23,1704398423,1704398421.5,4,-0.042,-0.005,3.497,0.119,420,17,0.4,0.15,0.738255951219512,0.209882508710801,0.0438768448295082,1,0.682794829268293,-0.00581312195121893,0.00107782708017247,1,2,2,"2/2",3.13018,2.7711,0.0849679,0.0858378,0.0870726,0.08515,27445.4,26888.5,30529.9,29665,38476.6,35721.7,46712.3,44095.4,1.83832,1.82665,0.031732,0,24.4809,999.9,47.2,32.7,26.0866,63.3286,23.3694,1,0.0693852,0.585537,20.2143,5.2396,11.974,4.97295,3.291,9999,9999,9999,999.9,4.97296,1.87712,1.87515,1.87805,1.87468,1.87832,1.87538,1.87653,0,0,0,0,11111111,"oooooooo","on","on","on","on",0,100,100,3.499,0.1276,1.84635561048904,0.00465135869584951,-1.85592942386599e-06,4.86388403752433e-10,-0.0300618916790928,-0.00273754025504654,0.00076603553846402,-6.62231808541172e-06,1,2123,1,26,25.6,25.6,1.09741,2.54761,1.39893,2.34009,1.44897,2.55005,38.1106,24.0525,18,486.039,443.563,24.2051,27.9417,30.0001,27.7413,27.8094,22.0053,39.5779,0,24.1363,420,17.2946,100.941,101.413
22,1704399963.1,1070.59999990463,2024-01-04 14:26:03,14:26:03,5,"n","brit.lh.4.16","albert",1704399960.6,0.0005782965084183,0.578296508418309,-0.879219859798753,420.759334439623,451.694550110351,40.6421372479775,37.8586782029694,0.0326097010939877,2.74509585492277,0.0323960130541234,0.0202665903117131,0.026354601,25.1222243901742,25.008,3.18119446196454,50.0338238919848,1.61786110637931,3.23353479812381,1.56333335558523,-25.5028760212474,40.5535372650223,3.12942946135879,18.2064453061337,-0.871098499926661,0.578417111587076,-0.879219859798753,427.402248902976,428.47233939394,0.00073898266911388,65.0032872493372,0.578296508418309,17.2992589142982,17.9806957575758,-1.46037115246575e-07,103.076585067746,6,1,1,0,47706,0.27582,0.110328,0.4,0.09555,6,0.5,"0: Broadleaf",2,TRUE,1704399960.6,420.759333333333,420.006111111111,17.9808222222222,17.2992444444444,417.259888888889,17.8532666666667,500.031,89.8768777777778,0.100159222222222,25.2820222222222,25.008,999.9,0,0,9995.55222222222,0,0.27582,0.753333222222222,428.463333333333,427.399666666667,0.681585111111111,420.006111111111,17.2992444444444,1.61606,1.55480111111111,14.1127888888889,13.518,0,0,0,0,2.09177777777778,0,-3.51038888888889,-1.548,34.2428888888889,39.819,36.958,38.6872222222222,35.437,0,0,0,1704399966.9,0,1704398423,14:00:23,1704398423,1704398421.5,4,-0.042,-0.005,3.497,0.119,420,17,0.4,0.15,0.753203634146342,-0.0542854703832752,0.0258836921554453,1,0.682175682926829,-0.00451749825784029,0.000965003006163,1,2,2,"2/2",3.13032,2.77106,0.0849736,0.0858354,0.0870742,0.0851531,27445.1,26888.1,30529.7,29664.5,38476.4,35720.9,46712.1,44094.5,1.83845,1.82645,0.0320673,0,24.4818,999.9,47.2,32.7,26.0892,63.6986,23.4696,1,0.0697993,0.715844,20.2137,5.2393,11.974,4.9729,3.291,9999,9999,9999,999.9,4.97292,1.87714,1.87525,1.87808,1.87469,1.87836,1.87546,1.87659,0,0,0,0,11111111,"oooooooo","on","on","on","on",0,100,100,3.5,0.1275,1.84635561048904,0.00465135869584951,-1.85592942386599e-06,4.86388403752433e-10,-0.0300618916790928,-0.00273754025504654,0.00076603553846402,-6.62231808541172e-06,1,2123,1,26,25.7,25.7,1.09741,2.54517,1.39893,2.33887,1.44897,2.56226,38.0863,24.0612,18,486.108,443.456,24.1498,27.9417,30.0002,27.7413,27.8117,22.0063,39.5779,0,24.13,420,17.2946,100.941,101.411
23,1704399968.1,1075.59999990463,2024-01-04 14:26:08,14:26:08,5,"n","brit.lh.4.16","albert",1704399965.3,0.00057575860106362,0.575758601063625,-0.875018787712939,420.760901095946,451.649665668141,40.6377463334062,37.8584909178615,0.0324975001490524,2.74649868462645,0.0322853825326405,0.0201973064516125,0.026354601,25.1221195148954,24.99924,3.17953352001989,50.0322533211171,1.61772541110646,3.23336508696414,1.56180810891343,-25.3909543069059,41.7407179344254,3.21924030019376,19.5953585287133,-0.871664367212799,0.577088900004974,-0.875018787712939,427.382413107653,428.452145454545,-0.00026544399208225,65.0032872493372,0.575758601063625,17.29961404148,17.9781278787879,-5.42766845429467e-06,103.076585067746,6,1,1,0,47886,0.27582,0.110328,0.4,0.09555,6,0.5,"0: Broadleaf",2,TRUE,1704399965.3,420.7609,420.0063,17.97947,17.29943,417.2616,17.85193,500.0116,89.87631,0.09994687,25.28114,24.99924,999.9,0,0,10003.939,0,0.27582,0.754599,428.4644,427.4002,0.6800324,420.0063,17.29943,1.615929,1.554809,14.11153,13.51807,0,0,0,0,2.03175,0,-3.71908,-1.54596,34.2058,39.8686,36.9937,38.7747,35.4559,0,0,0,1704399972.3,0,1704398423,14:00:23,1704398423,1704398421.5,4,-0.042,-0.005,3.497,0.119,420,17,0.4,0.15,0.7504151,0.0880939812382737,0.0254556981644582,1,0.681474175,-0.00673815759849829,0.00118267214154008,1,2,2,"2/2",3.13017,2.77094,0.08497,0.0858428,0.087068,0.0851479,27444.6,26887.9,30529,29664.5,38475.9,35721,46711.2,44094.3,1.8382,1.82668,0.0315011,0,24.4818,999.9,47.2,32.7,26.0884,63.4686,23.5897,1,0.0694004,0.631332,20.2139,5.2399,11.974,4.9729,3.291,9999,9999,9999,999.9,4.97296,1.87714,1.87526,1.87806,1.87469,1.87836,1.87545,1.8766,0,0,0,0,11111111,"oooooooo","on","on","on","on",0,100,100,3.499,0.1275,1.84635561048904,0.00465135869584951,-1.85592942386599e-06,4.86388403752433e-10,-0.0300618916790928,-0.00273754025504654,0.00076603553846402,-6.62231808541172e-06,1,2123,1,26,25.8,25.8,1.09741,2.54639,1.39893,2.34009,1.44897,2.57324,38.1106,24.0612,18,485.971,443.596,24.1243,27.942,29.9999,27.7413,27.8117,22.0066,39.5779,0,24.1295,420,17.2946,100.939,101.411
24,1704399973.1,1080.59999990463,2024-01-04 14:26:13,14:26:13,5,"n","brit.lh.4.16","albert",1704399970.6,0.00057574476968605,0.575744769686052,-0.877314154257583,420.752556655691,451.775089342725,40.6482574935398,37.857019272329,0.0324748893331998,2.74607056455201,0.0322630329550476,0.0201833146983593,0.026354601,25.1200489791803,25.0040888888889,3.18045280111789,50.0356653264547,1.61763832414334,3.23297054928552,1.56281447697454,-25.3903443431549,40.7126929759355,3.14048788412242,18.4891911179031,-0.885717618611651,0.576907646916807,-0.877314154257583,427.375404878578,428.447242424242,-0.00011893787144255,65.0032872493372,0.575744769686052,17.2990407494038,17.9775333333333,-5.32708221348268e-06,103.076585067746,6,1,1,0,47840,0.27582,0.110328,0.4,0.09555,6,0.5,"0: Broadleaf",2,TRUE,1704399970.6,420.752555555556,419.981,17.9788444444444,17.2990222222222,417.253222222222,17.8513444444444,500.015,89.8745777777778,0.0999658666666667,25.2790888888889,25.0040888888889,999.9,0,0,10001.5911111111,0,0.27582,0.771589444444444,428.455888888889,427.374111111111,0.679827111111111,419.981,17.2990222222222,1.61584333333333,1.55474444444444,14.1107111111111,13.5174222222222,0,0,0,0,2.02881111111111,0,-3.64376666666667,-1.60098888888889,34.2496666666667,39.958,37.0206666666667,38.861,35.486,0,0,0,1704399977.1,0,1704398423,14:00:23,1704398423,1704398421.5,4,-0.042,-0.005,3.497,0.119,420,17,0.4,0.15,0.757441097560976,0.0432706620209077,0.0306084846803873,1,0.681027707317073,-0.0116748083623695,0.00135821276475252,1,2,2,"2/2",3.13021,2.77095,0.0849662,0.0858274,0.0870589,0.0851491,27445.3,26887.9,30529.7,29664.1,38477.1,35720.7,46712.1,44094,1.8383,1.82685,0.0314564,0,24.4815,999.9,47.2,32.7,26.0893,63.3586,23.5938,1,0.069154,0.583584,20.2143,5.2399,11.974,4.97285,3.291,9999,9999,9999,999.9,4.97293,1.87714,1.87525,1.87806,1.87469,1.87836,1.87546,1.87657,0,0,0,0,11111111,"oooooooo","on","on","on","on",0,100,100,3.5,0.1275,1.84635561048904,0.00465135869584951,-1.85592942386599e-06,4.86388403752433e-10,-0.0300618916790928,-0.00273754025504654,0.00076603553846402,-6.62231808541172e-06,1,2123,1,26,25.8,25.9,1.09741,2.54272,1.39893,2.34009,1.44897,2.52319,38.1106,24.0525,18,486.039,443.705,24.1209,27.9441,30.0001,27.7434,27.8117,22.006,39.5779,0,24.1264,420,17.2946,100.941,101.41
