curve_fit_number,id,unique_id,machine,baseline_yn,anet_420,ci_420,gs_420,vpd_leaf,temperature_leaf,par_leaf,vcmax_tleaf,vcmax_tleaf_se,jmax_tleaf,jmax_tleaf_se,rdfit_tleaf,rdfit_tleaf_se,aci_RMSE,aci_ci_transistion,aci_ci_transition_set,aci_km,aci_gammastar,aci_fitmethod,aci_tcorrect,aci_fittpu
curve1,brit.lh.1.13,brit.lh.1.13_2023-12-18,albert,y,4.309098509,351.6765488,0.139162293,1.617823539,25.00448716,2004.092824,21.00971137,0.493670305,37.19538623,0.560297066,1.781885161,0.117626139,2.0121852,400.0073,NA,710.5962734,42.75983583,default,FALSE,FALSE
curve2,paul.lc.1.25,paul.lc.1.25_2023-12-18,albert,y,3.92557674,347.7565562,0.116111458,1.646710374,24.99249939,2004.12749,19.570114,0.42084769,35.37001415,0.484834536,1.717884549,0.10183625,1.775639059,418.3981942,NA,709.8608399,42.73359468,default,FALSE,FALSE
curve3,paul.lh.1.29,paul.lh.1.29_2023-12-18,albert,y,7.919451733,341.2178755,0.234995146,1.657366415,25.00357218,2004.186271,31.76896655,0.444416998,54.95132924,0.487464111,1.208993365,0.101364907,2.152679945,375.3077158,NA,710.5395551,42.7578222,default,FALSE,FALSE
curve5,paul.lh.2.30,paul.lh.2.30_2023-12-18,ozzie,y,5.959368808,348.5310453,0.192789248,1.691019385,25.00842193,2000.001208,21.56212815,0.481791336,38.3397374,0.54350113,0.296140921,0.113725435,2.096425548,403.5615924,NA,710.8370391,42.7684375,default,FALSE,FALSE
curve6,paul.lc.3.27,paul.lc.3.27_2023-12-18,ozzie,y,6.02825199,333.828738,0.14990032,1.735332834,25.00416296,1999.994325,24.82334062,0.473806612,44.13476426,0.52554608,0.920587157,0.109556005,2.116883081,401.5161479,NA,710.5758432,42.75911622,default,FALSE,FALSE
curve7,brit.lc.1.9,brit.lc.1.9_2023-12-18,ozzie,y,4.22314395,338.823689,0.109469319,1.786375363,25.00682517,1999.984886,17.45685735,0.480782685,31.38438231,0.542496605,0.790143773,0.113619923,2.043262402,415.4382023,NA,710.7391128,42.76494281,default,FALSE,FALSE
curve8,brit.lh.3.15,brit.lh.3.15_2023-12-18,gibson,y,8.927511719,335.2949103,0.249410826,1.809644561,25.02823332,2000.003263,43.09243715,1.338911093,75.95606763,1.496231261,3.330771183,0.309490341,5.901682684,384.910735,NA,712.0607418,42.81195664,default,FALSE,FALSE
curve9,brit.lc.2.10,brit.lc.2.10_2023-12-18,gibson,y,5.328604515,349.4201257,0.175515332,1.834277655,25.01635662,1999.993368,23.8427142,0.955378189,41.36811566,1.049897494,1.605094866,0.219418266,3.791215168,382.2651019,NA,711.3246754,42.78582215,default,FALSE,FALSE
curve12,brit.lc.3.11,brit.lc.3.11_2023-12-18,gibson,y,5.609049515,353.2988471,0.204611632,1.866116239,25.00739916,1999.999097,26.95515742,0.977771106,46.72620637,1.080030568,2.227190063,0.225520952,3.911974065,379.6149652,NA,710.7745076,42.7662026,default,FALSE,FALSE
Curve25,ryan.lc.3.43,ryan.lc.3.43_2023-12-24,albert,y,12.71482645,295.934196,0.218937112,1.653690735,24.99556654,2021.879011,59.1299092,0.659659291,98.1271375,0.665775927,2.283956963,0.135425831,4.892975924,331.4571484,NA,710.0492729,42.74031357,default,FALSE,FALSE
Curve26,brit.hl.1.5,brit.hl.1.5_2023-12-24,albert,y,2.651287106,384.7610989,0.239149765,1.607377843,25.0064384,2022.64317,12.92238756,0.433327884,24.07686568,0.529315233,1.448728482,0.112266777,1.871441388,451.7932617,NA,710.7153921,42.7640963,default,FALSE,FALSE
Curve27,ryan.lh.4.48,ryan.lh.4.48_2023-12-24,albert,y,11.1583809,332.0932886,0.306464261,1.594737388,25.01526857,2022.567992,46.22787086,0.693602412,79.7673862,0.753897816,1.755062914,0.155257942,3.854253813,366.4386359,NA,711.2586011,42.78345281,default,FALSE,FALSE
Curve28,ryan.lh.1.45,ryan.lh.1.45_2023-12-24,albert,y,5.334732048,366.3345283,0.267154065,1.620149497,25.00627862,2022.210857,20.57924286,0.36379228,36.23949861,0.413249904,0.850208551,0.086781349,1.552311156,395.8914128,NA,710.7057604,42.76374968,default,FALSE,FALSE
Curve29,brit.hl.3.7,brit.hl.3.7_2023-12-24,ozzie,y,3.556293737,360.7582348,0.140259387,1.733303843,24.99783579,1999.999195,16.25270317,0.544969249,30.66806364,0.65988973,1.240621367,0.138989776,2.460853506,461.8692988,NA,710.1879874,42.74527174,default,FALSE,FALSE
Curve30,ryan.lc.1.41,ryan.lc.1.41_2023-12-24,ozzie,y,9.64075263,301.3393353,0.16823143,1.741745595,25.00405296,2000,42.82898226,0.714107768,72.20320327,0.73504868,1.521411116,0.15066185,3.50357277,350.4069079,NA,710.5700943,42.75889378,default,FALSE,FALSE
Curve31,ryan.lh.3.47,ryan.lh.3.47_2023-12-24,ozzie,y,14.46041862,302.2881486,0.278526287,1.714620201,25.01878543,2000.002553,57.75706446,0.646871297,94.37576005,0.640203544,0.322689682,0.129785275,4.696198016,322.4145092,NA,711.4748179,42.79115968,default,FALSE,FALSE
Curve32,brit.hl.2.6,brit.hl.2.6_2023-12-24,gibson,y,5.898759767,354.4912891,0.224084516,1.791548266,25.00327184,2000.009802,27.07478774,0.989637182,48.59683225,1.130996261,1.875001107,0.2362353,4.258765257,408.3683706,NA,710.5353333,42.75742538,default,FALSE,FALSE
Curve33,brit.hc.1.1,brit.hc.1.1_2023-12-24,gibson,y,3.54270822,361.6648942,0.144408582,1.802001515,25.00246915,1999.997096,22.17961103,1.399751692,40.55234895,1.660158907,3.081087288,0.349317682,5.798916523,427.7663102,NA,710.4736273,42.75543964,default,FALSE,FALSE
Curve34,brit.hc.2.2,brit.hc.2.2_2023-12-24,gibson,y,3.292814833,371.4054624,0.175902831,1.750885771,25.00204793,1999.998045,13.9589343,0.766495888,24.79577194,0.925532363,1.136241688,0.185753385,2.574017922,406.5408912,NA,710.447587,42.75451394,default,FALSE,FALSE
Curve47,ryan.hc.1.33,ryan.hc.1.33_2023-12-26,albert,y,2.485626696,349.3732782,0.072435554,1.649126929,25.00616868,2019.337015,13.87218558,0.525864453,24.63542591,0.603623947,1.592800095,0.127194329,2.039478376,406.6024584,NA,710.7004901,42.76353608,default,FALSE,FALSE
Curve48,paul.hc.2.18,paul.hc.2.18_2023-12-26,albert,y,0.97980869,389.9181093,0.10049552,1.66015595,25.00386812,2019.495436,8.433126987,0.447892864,15.90188753,0.558008919,1.615223863,0.118926642,1.898592609,466.6257794,NA,710.5580782,42.75847675,default,FALSE,FALSE
Curve49,paul.hc.3.19,paul.hc.3.19_2023-12-26,albert,y,1.271540276,390.3254998,0.138685369,1.655022537,24.99794955,2019.35032,8.112483838,0.432467489,15.23575244,0.536224258,1.388773237,0.114236857,1.8546796,462.4117531,NA,710.1946851,42.7455156,default,FALSE,FALSE
Curve50,ryan.hl.2.38,ryan.hl.2.38_2023-12-26,albert,y,3.945645946,374.7358745,0.243895755,1.620903777,25.00051169,2019.251765,16.48878911,0.389529257,29.69844948,0.456781386,1.117289562,0.096364026,1.643044859,417.454056,NA,710.3517535,42.75112199,default,FALSE,FALSE
Curve51,paul.hc.4.20,paul.hc.4.20_2023-12-26,ozzie,y,1.744018879,384.8010316,0.114108847,1.706645472,24.99478742,1999.994806,8.061725669,0.393337588,15.60421166,0.521487092,0.84106983,0.104608193,1.599010348,494.4428147,NA,710.000989,42.73859915,default,FALSE,FALSE
Curve52,paul.hl.2.22,paul.hl.2.22_2023-12-26,ozzie,y,0.703125796,384.018765,0.040567838,1.811840646,25.00528793,1999.986473,4.796147278,0.331608683,9.824032908,0.467041828,0.847009871,0.094326578,1.480116912,566.3761755,NA,710.644786,42.76157744,default,FALSE,FALSE
Curve53,ryan.hl.4.40,ryan.hl.4.40_2023-12-26,ozzie,y,16.05781111,305.7026506,0.305020545,1.707545443,25.01398437,2000.000382,65.33679501,0.756756632,108.4235888,0.773388655,1.061877829,0.156709228,6.124070846,328.602027,NA,711.1792119,42.78063061,default,FALSE,FALSE
Curve54,paul.hl.1.21,paul.hl.1.21_2023-12-26,ozzie,y,1.184136672,377.611264,0.057369431,1.748230965,25.0039061,2000.00666,6.407232339,0.427797654,12.41220135,0.533203894,0.687486591,0.113159936,2.064706025,496.998616,NA,710.5601521,42.75855519,default,FALSE,FALSE
Curve55,ryan.hc.3.35,ryan.hc.3.35_2023-12-26,gibson,y,4.680367099,341.0443264,0.127616517,1.790191786,24.99830748,1999.998,19.57279183,0.637539173,33.83771102,0.698879439,1.014342496,0.146188335,2.527823284,380.812421,NA,710.2178141,42.7463206,default,FALSE,FALSE
Curve56,ryan.hc.2.34,ryan.hc.2.34_2023-12-26,gibson,y,1.68822016,385.4575716,0.158149069,1.843199728,25.0054564,2000.004583,9.101103429,0.645041358,16.45259716,0.768342189,1.175157502,0.163045055,2.63627152,425.0368362,NA,710.6551095,42.761946,default,FALSE,FALSE
Curve57,ryan.hl.1.37,ryan.hl.1.37_2023-12-26,gibson,y,3.391836444,351.4678982,0.109716555,1.866003833,24.99525584,1999.993707,21.85976765,1.227834393,39.14994177,1.429452739,2.937896624,0.300503985,4.781105861,409.107241,NA,710.0301574,42.73963244,default,FALSE,FALSE
Curve58,paul.hl.4.24,paul.hl.4.24_2023-12-26,gibson,y,1.285427511,383.6324517,0.101531674,1.813243884,24.98666251,2000.00182,8.471985706,0.626367562,15.4898092,0.754054491,1.270987982,0.160150568,2.586574281,435.197669,NA,709.5056562,42.72087107,default,FALSE,FALSE
curve4,paul.lh.3.31,paul.lh.3.31_2023-12-18,ozzie,n,6.427861259,327.2028233,0.146444597,1.745292897,24.99356443,1999.996395,36.40627008,1.735737526,64.78150236,1.959057152,3.609601895,0.407661621,6.964183682,395.1734541,NA,709.9260787,42.73592421,default,FALSE,FALSE
curve10,paul.lc.2.26,paul.lc.2.26_2023-12-18,gibson,n,9.45190051,330.1224128,0.246469244,1.812287679,24.99840223,1999.996517,41.4838775,0.905455277,70.08974222,0.948869529,1.733166028,0.195915446,4.04808915,352.4611542,NA,710.2233806,42.74652347,default,FALSE,FALSE
curve11,brit.lh.4.16,brit.lh.4.16_2023-12-18,gibson,n,5.485399414,351.31851,0.190230252,1.863349152,25.0077325,1999.996584,24.10706107,0.761952225,41.65250157,0.836508137,1.590220471,0.174867416,3.038297743,378.4598968,NA,710.7951298,42.76693543,default,FALSE,FALSE
curve13,paul.lc.2.26,paul.lc.2.26_2023-12-21,albert,n,8.616797139,340.5843931,0.257913288,1.636253383,25.00702611,2018.469851,31.33698233,0.362896981,52.29390089,0.374544704,0.165473755,0.077821711,1.752917269,348.7562271,NA,710.7512765,42.76537966,default,FALSE,FALSE
curve14,paul.lc.1.25,paul.lc.1.25_2023-12-21,albert,n,2.768092471,375.9162779,0.166280379,1.656343242,25.00658247,2020.796375,14.96296261,0.539348236,27.98466766,0.6582216,1.922432888,0.139356714,2.334929952,454.2728476,NA,710.7282384,42.76448524,default,FALSE,FALSE
curve15,brit.lc.1.9,brit.lc.1.9_2023-12-21,albert,n,2.996859436,376.6608032,0.188716448,1.661045794,25.00193698,2020.602299,13.726359,0.380020933,25.48773122,0.459892275,1.252195785,0.097312466,1.662099673,447.7263704,NA,710.4419117,42.75429186,default,FALSE,FALSE
curve16,paul.lh.3.31,paul.lh.3.31_2023-12-21,albert,n,4.473830917,338.1114274,0.113318688,1.654083849,24.98887739,2020.599586,21.41239261,0.508583246,37.75116718,0.569694304,1.638185636,0.119121762,2.076927017,395.752305,NA,709.6433629,42.72575297,default,FALSE,FALSE
curve17,brit.lh.1.13,brit.lh.1.13_2023-12-21,ozzie,n,2.846345898,374.4884035,0.166458098,1.740676952,24.99979938,1999.993779,21.67501425,1.562679161,42.10536429,2.084845969,3.673506683,0.420530401,5.849309997,488.5810143,NA,710.3083607,42.74956837,default,FALSE,FALSE
curve18,paul.lh.1.29,paul.lh.1.29_2023-12-21,ozzie,n,4.129154745,354.8868596,0.144156851,1.724550923,24.99375139,2000.009137,18.14180624,0.667109328,33.4592792,0.786747879,1.281947574,0.165538244,2.898211963,438.0070405,NA,709.9378241,42.73633853,default,FALSE,FALSE
curve19,brit.lh.3.15,brit.lh.3.15_2023-12-21,ozzie,n,7.086773827,355.2308734,0.279689849,1.671004205,25.01730827,1999.999323,26.82345204,0.560650085,48.14730268,0.641450634,0.792494187,0.133941286,2.562384256,409.1139291,NA,711.3833231,42.78791017,default,FALSE,FALSE
curve20,paul.lh.2.30,paul.lh.2.30_2023-12-21,ozzie,n,2.9491245,376.3678462,0.18972831,1.76298252,25.0060139,2000.002978,13.13059151,0.610704358,24.77335159,0.746999385,1.029949424,0.158188646,2.731222098,464.175817,NA,710.6897952,42.76317525,default,FALSE,FALSE
curve21,brit.lc.3.11,brit.lc.3.11_2023-12-21,gibson,n,7.849889886,329.508991,0.193835128,1.827641657,25.00517944,2000.000222,32.740349,0.888071902,54.41919099,0.911511332,1.04231919,0.188476831,3.531959314,345.0773149,NA,710.6389903,42.76135575,default,FALSE,FALSE
Curve22,brit.lh.4.16,brit.lh.4.16_2023-12-21,gibson,n,3.014654499,374.0277986,0.180747423,1.839190864,25.00875203,1999.996107,14.48311237,0.915042449,26.29360008,1.077744342,1.400932836,0.227509515,3.869635058,426.0656618,NA,710.8589283,42.76919014,default,FALSE,FALSE
Curve23,brit.lc.3.27,brit.lc.3.27_2023-12-21,gibson,n,4.576645442,356.5529101,0.172756122,1.812329118,24.99259286,2000.003244,20.41627352,0.858443592,36.53827047,1.033893536,1.44278416,0.20642373,2.994502851,409.1764192,NA,709.8668421,42.7338042,default,FALSE,FALSE
Curve24,brit.lc.2.10,brit.lc.2.10_2023-12-21,gibson,n,5.412496146,338.3021918,0.144660283,1.865931358,24.99888632,2000.004797,27.26566537,1.161620118,47.74701103,1.292731272,2.23677719,0.268762331,4.683712562,387.3210157,NA,710.2544204,42.74760777,default,FALSE,FALSE
Curve35,paul.lc.3.27,paul.lc.3.27_2023-12-25,albert,n,1.775606981,391.8505228,0.246489243,1.637054349,25.0038692,2012.09481,8.594147776,0.388343529,15.74841321,0.46958462,1.007874957,0.099757638,1.633193515,438.0370853,NA,710.5582164,42.75848044,default,FALSE,FALSE
Curve36,paul.lh.2.30,paul.lh.2.30_2023-12-25,albert,n,0.711076124,392.8988051,0.085543984,1.651839516,24.99638163,2012.725208,5.920825564,0.358930715,11.165144,0.447959461,1.194455827,0.095671378,1.521923849,467.916818,NA,710.0997747,42.74210692,default,FALSE,FALSE
Curve37,brit.lh.4.16,brit.lh.4.16_2023-12-25,albert,n,2.058691192,384.4013224,0.170655602,1.652220313,25.00527308,2012.437683,10.34419212,0.411911042,19.17624196,0.500703356,1.250030472,0.106319125,1.748700182,448.3088439,NA,710.6440957,42.761549,default,FALSE,FALSE
Curve38,paul.lh.1.29,paul.lh.1.29_2023-12-25,albert,n,1.045281831,368.7220753,0.044607186,1.671727499,24.99901044,2012.392812,9.548089787,0.541673722,17.76485913,0.665426753,1.758744573,0.141519495,2.133102348,452.1092416,NA,710.2600141,42.74784237,default,FALSE,FALSE
Curve39,paul.lc.2.26,paul.lc.2.26_2023-12-25,ozzie,n,5.005110988,353.2122616,0.174463259,1.727694992,25.00705415,1999.999747,18.8143169,0.520881599,33.95124862,0.600130971,0.606107388,0.125948842,2.250086645,418.017716,NA,710.7530841,42.76544264,default,FALSE,FALSE
Curve40,brit.lh.1.13,brit.lh.1.13_2023-12-25,ozzie,n,1.842450251,380.1342493,0.126417702,1.754537279,25.01439357,1999.995871,7.894513871,0.320717404,15.28051279,0.424552642,0.654033382,0.085715079,1.243615443,495.5097645,NA,711.203722,42.78151546,default,FALSE,FALSE
Curve41,brit.lc.3.11,brit.lc.3.11_2023-12-25,ozzie,n,8.02044645,327.5773687,0.189522091,1.748539047,25.0155102,1999.996152,30.55568048,0.451021875,52.27914601,0.481153286,0.458616248,0.099271253,2.109394596,367.8727489,NA,711.2726582,42.78396768,default,FALSE,FALSE
Curve42,brit.lh.3.15,brit.lh.3.15_2023-12-25,ozzie,n,4.50903043,344.2315791,0.128016376,1.760468377,25.00010653,2000.009889,17.29743372,0.429415858,31.17081191,0.487662163,0.532778009,0.102269457,1.841300005,417.3505195,NA,710.3280159,42.75025562,default,FALSE,FALSE
Curve43,brit.lc.1.9,brit.lc.1.9_2023-12-25,gibson,n,1.738550193,367.2833896,0.076113445,1.832353006,24.99520315,1999.996864,11.29722368,0.772608562,21.19106207,0.951946922,1.90713731,0.202009966,3.191253821,458.9695447,NA,710.027732,42.73953192,default,FALSE,FALSE
Curve44,brit.lc.2.10,brit.lc.2.10_2023-12-25,gibson,n,3.669449182,356.3031007,0.135558555,1.905117872,24.99657556,1999.990221,19.55573975,0.778593787,35.9963403,0.924747836,1.972571572,0.194539855,3.289650109,435.3968504,NA,710.1124239,42.74254524,default,FALSE,FALSE
Curve45,paul.lc.1.25,paul.lc.1.25_2023-12-25,gibson,n,1.648944792,371.8485317,0.083186425,1.844077488,24.99916948,1999.981333,12.21446566,0.881660622,23.04266751,1.140543309,2.042228585,0.231516545,3.135307744,464.3665153,NA,710.2699222,42.74819329,default,FALSE,FALSE
Curve46,paul.lh.3.31,paul.lh.3.31_2023-12-25,gibson,n,1.609361275,361.1498545,0.060521477,1.874793524,24.98936959,2000.000554,12.01960559,0.733822611,22.02723164,0.870540468,1.895907635,0.183823227,3.109757222,435.4591822,NA,709.6700551,42.72676605,default,FALSE,FALSE
Curve59,ryan.lc.1.41,ryan.lc.1.41_2023-12-27,albert,n,8.035173416,348.1860594,0.275087535,1.62234146,25.00479329,2017.974086,32.55245648,0.555396118,57.97818006,0.62993072,1.327627701,0.130969902,2.683025618,398.8073761,NA,710.6149452,42.76050395,default,FALSE,FALSE
Curve60,brit.hl.3.7,brit.hl.3.7_2023-12-27,albert,n,3.40436856,368.6037573,0.163042959,1.625997262,25.00651402,2019.616455,15.2943363,0.419816008,27.42678064,0.489770021,1.384769375,0.103255156,1.724528247,414.4446042,NA,710.7203838,42.7642683,default,FALSE,FALSE
Curve61,ryan.lc.3.43,ryan.lc.3.43_2023-12-27,albert,n,13.21037547,312.8689107,0.281819737,1.633331365,24.99783979,2019.534502,54.65757937,0.573237655,92.46360005,0.599461422,1.446859031,0.122744195,4.370811376,346.9014179,NA,710.1881013,42.74527808,default,FALSE,FALSE
Curve62,brit.hc.2.2,brit.hc.2.2_2023-12-27,ozzie,n,1.222691152,391.596411,0.160513087,1.777289629,25.0010702,1999.991982,5.798054394,0.316658836,11.92166982,NA,0.593608339,0.083031962,1.754441129,570.3412087,450,710.386255,42.75234892,bilinear,FALSE,FALSE
Curve63,ryan.lh.4.48,ryan.lh.4.48_2023-12-27,ozzie,n,7.461680794,341.355581,0.220031472,1.685631924,25.00631244,2000.009457,31.00736433,0.714928957,55.49667104,0.808879375,1.457892847,0.168543098,3.228408685,403.7371882,NA,710.7080514,42.76382768,default,FALSE,FALSE
Curve64,brit.hl.1.5,brit.hl.1.5_2023-12-27,ozzie,n,2.245154554,378.1991459,0.146438406,1.760454171,25.0028445,2000.004617,14.6848616,0.808962157,28.96990128,1.03899882,2.260471415,0.220849764,3.792304745,511.4476703,NA,710.4949208,42.75622945,default,FALSE,FALSE
Curve65,ryan.lh.1.45,ryan.lh.1.45_2023-12-27,ozzie,n,2.600289544,380.5376503,0.194396429,1.724763903,25.00855638,1999.997859,9.421977854,0.359744113,17.87914987,0.441929203,0.24933631,0.093768238,1.639497427,472.7302296,NA,710.8454156,42.76873417,default,FALSE,FALSE
Curve66,ryan.lc.4.44,ryan.lc.4.44_2023-12-27,gibson,n,7.666325475,317.1715355,0.157608427,1.849060857,24.98598068,2000.001471,32.40233694,0.627181661,54.46580236,0.656162261,1.026187842,0.135659093,2.687088011,352.6611498,NA,709.4655852,42.71941087,default,FALSE,FALSE
Curve67,ryan.lh.3.47,ryan.lh.3.47_2023-12-27,gibson,n,9.391493755,348.4906568,0.350999801,1.739258717,25.03126945,1999.996334,37.08250955,0.868785586,64.75558482,0.969286672,1.161477822,0.200748646,3.948983425,380.9950908,NA,712.2460676,42.81858554,default,FALSE,FALSE
Curve68,brit.hl.2.6,brit.hl.2.6_2023-12-27,gibson,n,5.342476177,369.1024073,0.309091232,1.808027362,25.01268781,2000.007486,29.1167748,1.459395607,53.99519562,1.846065205,3.334482691,0.370165764,5.356387417,436.9685812,NA,711.105898,42.7779068,default,FALSE,FALSE
Curve69,brit.hc.1.1,brit.hc.1.1_2023-12-27,gibson,n,1.062013171,377.6514408,0.063409754,1.847951124,24.98532361,2000.000468,10.63964598,0.809948461,19.62800259,1.001414321,2.127150142,0.212841472,3.200198948,442.4554117,NA,709.4320947,42.71809786,default,FALSE,FALSE
Curve70,brit.lc.1.9,brit.lc.1.9_2023-12-28,albert,n,1.039051818,365.5291612,0.040548641,1.649391918,24.99638198,2018.959414,9.710839943,0.541013151,18.36191734,0.67303383,1.872430273,0.143329806,2.157953979,468.3241533,NA,710.0987212,42.74208795,default,FALSE,FALSE
Curve71,brit.lh.3.15,brit.lh.3.15_2023-12-28,albert,n,2.589414974,362.8628525,0.101174753,1.653884946,24.98990445,2018.995699,13.1007383,0.374949351,24.46551978,0.450684465,1.354883548,0.095444733,1.614173122,453.2193601,NA,709.7021317,42.72792333,default,FALSE,FALSE
Curve72,paul.lh.1.29,paul.lh.1.29_2023-12-28,albert,n,0.039325976,405.2173965,0.025179153,1.635906184,24.99634701,2018.858252,6.043466489,0.552610832,11.68270351,0.730381592,1.777151464,0.157143271,2.109662068,494.557284,NA,710.0977162,42.74203234,default,FALSE,FALSE
Curve73,brit.lh.4.16,brit.lh.4.16_2023-12-28,albert,n,1.657500027,386.1592448,0.144286638,1.662043351,24.99659997,2018.984715,9.231957089,0.453192153,17.39093926,0.560446946,1.194008215,0.119216227,1.974289521,464.7577021,NA,710.1120356,42.74256404,default,FALSE,FALSE
Curve74,brit.lc.2.10,brit.lc.2.10_2023-12-28,ozzie,n,2.181270287,327.8262465,0.04582876,1.823330841,25.0001505,2000.001848,17.26344795,0.992321461,32.75975014,1.241047438,2.478761716,0.251436668,3.579532618,467.0646534,NA,710.3296994,42.75033326,default,FALSE,FALSE
Curve75,paul.lc.3.27,paul.lc.3.27_2023-12-28,ozzie,n,0.554507443,385.7211429,0.045339831,1.835345174,24.99960204,1999.998686,4.342836139,0.299881869,9.689004046,0.477593133,0.812869749,0.094833085,1.600297034,697.0484697,NA,710.2959817,42.74913139,default,FALSE,FALSE
Curve76,brit.lc.3.11,brit.lc.3.11_2023-12-28,ozzie,n,5.727066046,305.7309032,0.09819899,1.756347587,25.00232884,1999.993256,25.32662746,0.536952491,44.27997171,0.57034508,0.893842345,0.118086689,2.285184131,387.1612084,NA,710.4633105,42.75510113,default,FALSE,FALSE
Curve77,brit.lh.1.13,brit.lh.1.13_2023-12-28,ozzie,n,1.34365518,382.7867882,0.100321308,1.782244042,24.99740282,2000.003676,6.514125339,0.310552022,13.5697851,0.420072603,0.73895348,0.089687331,1.680595442,587.2673551,NA,710.161423,42.74432393,default,FALSE,FALSE
Curve78,paul.lh.3.31,paul.lh.3.31_2023-12-28,gibson,n,0.578536578,373.4932111,0.02958558,1.967400899,24.9985612,1999.990247,7.002185477,0.792583875,12.42305547,0.947717102,1.588259807,0.20145051,2.750980464,408.946598,NA,710.2325466,42.74686069,default,FALSE,FALSE
Curve79,paul.lc.2.26,paul.lc.2.26_2023-12-28,gibson,n,3.073222553,339.4853168,0.078715255,1.84265971,24.99627676,1999.98577,15.75226949,0.749350601,27.29299382,0.83290873,1.444276478,0.174815311,2.845252589,384.3944594,NA,710.0949492,42.7419069,default,FALSE,FALSE
Curve80,paul.lh.2.30,paul.lh.2.30_2023-12-28,gibson,n,0.728561672,377.7235635,0.042347461,1.881171939,25.00533714,2000.004005,6.862011116,0.716502781,12.69186227,0.881625005,1.484113308,0.187999757,2.831839626,448.1217754,NA,710.6516677,42.76175605,default,FALSE,FALSE
Curve81,paul.lc.1.25,paul.lc.1.25_2023-12-28,gibson,n,1.124097462,371.0991581,0.053908862,1.962239808,24.99141785,1999.994092,7.298095431,0.71674731,12.93224582,0.837630997,1.138709681,0.177506369,2.736791515,407.4305149,NA,709.8757073,42.73272035,default,FALSE,FALSE
Curve82,paul.hl.4.24,paul.hl.4.24_2023-12-30,albert,n,1.803944928,381.2672225,0.12639699,1.665051565,24.99778159,2012.469627,10.0542187,0.475807669,18.75521708,0.581692464,1.320444314,0.123492744,2.036224074,454.3341428,NA,710.1844831,42.74514981,default,FALSE,FALSE
Curve83,ryan.hc.2.34,ryan.hc.2.34_2023-12-30,albert,n,1.106556719,391.3909431,0.122977424,1.644582232,25.00198048,2012.861153,8.143651083,0.455600669,15.34067169,0.566742826,1.459326594,0.120782328,1.951568535,465.6719018,NA,710.441954,42.75433885,default,FALSE,FALSE
Curve84,paul.hl.1.21,paul.hl.1.21_2023-12-30,albert,n,1.324310697,384.8278178,0.099948417,1.667087312,25.00149655,2012.602834,8.679171164,0.507793525,16.25816048,0.627267817,1.471909887,0.133604929,2.129826986,459.5788354,NA,710.4142255,42.75331552,default,FALSE,FALSE
Curve85,ryan.hl.2.38,ryan.hl.2.38_2023-12-30,albert,n,1.717917554,361.9202067,0.062677304,1.641367529,25.00415737,2013.281988,12.26373403,0.575904718,22.8100531,0.697303171,1.920067045,0.147850925,2.324859947,450.3470564,NA,710.5762079,42.75911699,default,FALSE,FALSE
Curve86,paul.hl.2.22,paul.hl.2.22_2023-12-30,ozzie,n,0.192761192,394.7689326,0.063670848,2.571060376,30.86718996,2000.008142,4.47412616,0.439818003,6.873209316,0.411289331,0.682790916,0.083627224,1.631734197,546.1353838,NA,1178.52301,57.39162611,default,FALSE,FALSE
Curve87,ryan.hl.1.37,ryan.hl.1.37_2023-12-30,ozzie,n,2.672590788,345.7304761,0.082383497,2.485046607,30.78365675,1999.997211,20.97658259,0.952897169,28.33893826,0.764361848,1.330212872,0.151800523,2.823485013,416.6364408,NA,1170.063257,57.15599212,default,FALSE,FALSE
Curve88,paul.hc.2.18,paul.hc.2.18_2023-12-30,ozzie,n,0.528527282,382.648922,0.049877932,2.559973395,31.17005977,2000.000121,5.444566455,0.499531524,8.243958324,0.452994716,0.522480881,0.091531297,1.845190012,546.5771767,NA,1209.69445,58.25285335,default,FALSE,FALSE
Curve89,ryan.hc.3.35,ryan.hc.3.35_2023-12-30,ozzie,n,1.371668474,366.8712642,0.068333865,2.517049127,30.88270088,2000.000203,10.43051523,0.578818438,14.65730901,0.483338028,0.697966411,0.097020536,1.856774831,457.8612131,NA,1180.094572,57.43538978,default,FALSE,FALSE
Curve90,ryan.hc.1.33,ryan.hc.1.33_2023-12-30,gibson,n,0.022829557,404.4927361,0.039099194,1.998233002,25.00503934,2000.000528,5.289189758,0.834719627,9.46334005,0.999655141,1.80126371,0.214863456,2.6531134,417.6315892,NA,710.6313922,42.76106735,default,FALSE,FALSE
Curve91,paul.hc.3.19,paul.hc.3.19_2023-12-30,gibson,n,1.206130522,381.3058821,0.081410775,1.943862527,25.00155973,2000.003136,6.996608661,0.592927876,12.57277852,0.7079996,1.103286967,0.150399677,2.347952249,420.5339024,NA,710.4161117,42.75341728,default,FALSE,FALSE
Curve92,paul.hc.4.20,paul.hc.4.20_2023-12-30,gibson,n,0.655311298,384.607866,0.047446832,1.829964856,24.99685295,1999.999891,7.468058663,0.73794523,13.98160472,0.925066533,1.723362535,0.197577781,2.948896271,459.5238282,NA,710.131062,42.74318221,default,FALSE,FALSE
Curve93,ryan.hl.4.40,ryan.hl.4.40_2023-12-30,gibson,n,13.28888601,262.65838,0.164253477,1.824805647,25.00595187,1999.996299,70.22375019,1.175346896,109.3541408,1.084771028,3.302074117,0.218003071,6.671003727,287.371574,NA,710.6905248,42.76312267,default,FALSE,FALSE
Curve94,brit.hc.2.2,brit.hc.2.2_2023-12-31,albert,n,0.317962074,398.5581026,0.067470418,1.664743063,24.9973687,2012.035177,2.569616049,0.615580407,4.132539981,0.545934961,0.437499383,0.114606055,1.421070533,333.6356578,NA,710.1595816,42.74425387,default,FALSE,FALSE
Curve95,ryan.lh.4.48,ryan.lh.4.48_2023-12-31,albert,n,4.785216246,326.2775438,0.101750823,1.650160991,25.0072311,2013.059555,22.41748171,0.40971271,38.99983542,0.446633769,1.40567461,0.092892068,1.686497977,384.8854747,NA,710.7644945,42.76584016,default,FALSE,FALSE
Curve96,ryan.lh.1.45,ryan.lh.1.45_2023-12-31,albert,n,2.152657094,349.1505992,0.062068222,1.657197336,24.99906449,2012.558281,13.36817954,0.510351317,24.41379059,0.600303437,1.70816829,0.12673642,2.038531625,431.861391,NA,710.2632762,42.7479597,default,FALSE,FALSE
Curve97,brit.hl.1.5,brit.hl.1.5_2023-12-31,ozzie,n,1.219663714,382.7625717,0.090676913,1.780894344,24.98917757,2000.010604,4.903031954,0.349986979,9.970328155,NA,0.342856365,0.091315477,1.458697471,555.8831876,450,709.6577754,42.72633655,bilinear,FALSE,FALSE
Curve98,brit.hl.3.7,brit.hl.3.7_2023-12-31,ozzie,n,1.699107806,347.8068422,0.048309957,1.864321792,24.99785665,2000.002704,8.551258857,0.430196717,16.63355631,0.528742758,0.839626179,0.111917426,1.994331225,499.7621303,NA,710.1898104,42.74532737,default,FALSE,FALSE
Curve99,ryan.lc.3.43,ryan.lc.3.43_2023-12-31,ozzie,n,11.17700481,255.5280712,0.131126308,1.73683077,25.00370814,1999.998357,60.23232366,0.944268088,98.84573354,0.893612523,2.269162376,0.179723456,5.3930283,323.5345922,NA,710.5483577,42.75812829,default,FALSE,FALSE
Curve100,ryan.lc.4.44,ryan.lc.4.44_2023-12-31,ozzie,n,6.975744424,293.0790672,0.106962284,1.756798965,25.00079673,1999.994999,30.13051242,0.554586753,50.66863833,0.561127835,0.64244864,0.115363877,2.356119111,354.5618397,NA,710.369478,42.75175029,default,FALSE,FALSE
Curve101,brit.hl.2.6,brit.hl.2.6_2023-12-31,gibson,n,2.611410377,362.5708373,0.104449403,1.825540242,25.00005827,1999.994546,15.54364931,0.807236817,27.71922808,0.936905786,1.81821507,0.1973365,3.196413387,409.0427404,NA,710.3258602,42.75016475,default,FALSE,FALSE
Curve102,brit.hc.1.1,brit.hc.1.1_2023-12-31,gibson,n,0.45081149,393.6340475,0.045196221,1.892309198,24.98766107,2000.000498,5.513371203,0.642001404,10.26637271,0.810553802,1.583876347,0.173380257,2.61089833,454.8472361,NA,709.5700682,42.72311486,default,FALSE,FALSE
Curve103,ryan.lh.3.47,ryan.lh.3.47_2023-12-31,gibson,n,8.222340226,354.8046307,0.224850279,1.868203205,25.03693119,1999.98926,32.2110922,0.935939054,56.93907493,1.067660232,2.235126338,0.220493427,4.176502323,393.812556,NA,712.5924162,42.8309609,default,FALSE,FALSE
Curve104,ryan.lc.1.41,ryan.lc.1.41_2023-12-31,gibson,n,8.18920503,304.9094557,0.125816197,1.863017042,24.9990167,1999.998689,43.37121057,1.609681989,72.99716371,1.707434795,3.802144521,0.34950159,6.331454191,348.7829859,NA,710.2742749,42.74811048,default,FALSE,FALSE
Curve105,paul.lc.2.26,paul.lc.2.26_2024-01-01,albert,n,0.749884622,392.697935,0.090262659,1.686108079,24.99391357,2016.982155,4.558042787,0.338111305,8.177522132,0.39815744,0.677057123,0.084773155,1.328936003,420.0593326,NA,709.9474281,42.7366872,default,FALSE,FALSE
Curve106,brit.lh.3.15,brit.lh.3.15_2024-01-01,albert,n,1.619173249,382.0681821,0.111115564,1.652953919,25.00239039,2017.69252,10.53028224,0.509280158,19.64171814,0.622891591,1.508532297,0.132371208,2.147578332,454.1834147,NA,710.4671096,42.75523629,default,FALSE,FALSE
Curve107,paul.lc.3.27,paul.lc.3.27_2024-01-01,albert,n,0.068979763,408.7629132,0.037239379,1.687401388,24.99694667,2017.783397,5.300782497,0.46494513,10.42114613,0.615929583,1.556633216,0.132480922,1.951931358,514.3764371,NA,710.1334773,42.74332613,default,FALSE,FALSE
Curve108,brit.lc.2.10,brit.lc.2.10_2024-01-01,ozzie,n,1.186031986,352.6497329,0.036073691,1.810661287,24.99784206,1999.997291,6.841855424,0.371092809,13.74506701,0.500759981,0.790017386,0.100911013,1.580498007,539.3087062,NA,710.1882619,42.74528344,default,FALSE,FALSE
Curve109,paul.lh.3.31,paul.lh.3.31_2024-01-01,ozzie,n,0.442264409,383.9658803,0.032355452,1.813653243,25.00430631,1999.993873,3.9591489,0.272577081,8.424190522,0.404831865,0.810417817,0.081621948,1.250556675,620.8345293,NA,710.5845508,42.75942843,default,FALSE,FALSE
Curve110,brit.lh.1.13,brit.lh.1.13_2024-01-01,ozzie,n,0.859144743,387.3585958,0.078873288,1.815647469,24.99691245,2000.012833,5.06942521,0.331598122,10.31735414,0.464524994,0.735551505,0.092847569,1.501403811,557.249983,NA,710.1312009,42.74324797,default,FALSE,FALSE
Curve111,brit.lc.3.11,brit.lc.3.11_2024-01-01,gibson,n,3.082761197,313.713918,0.055755543,1.912083853,24.98581203,1999.994255,17.52832531,0.765635961,29.10200878,0.797455531,1.646589299,0.16645419,2.622918535,350.2296742,NA,709.4515783,42.71897444,default,FALSE,FALSE
Curve112,brit.lh.4.16,brit.lh.4.16_2024-01-01,gibson,n,1.318247813,382.5714086,0.099358671,1.898029973,24.99930811,1999.989625,6.931855537,0.73617471,12.45048913,0.869765482,0.892659546,0.18464273,2.979949518,420.0406491,NA,710.2782429,42.74849337,default,FALSE,FALSE
Curve113,paul.lh.1.29,paul.lh.1.29_2024-01-01,gibson,n,1.981797943,302.6665978,0.027418888,1.94658452,24.97839031,1999.996443,5.33368211,1.057702462,10.12813095,1.366179249,1.523314612,0.293135637,3.954272622,474.7378605,NA,709.0232232,42.70322381,default,FALSE,FALSE
Curve114,paul.hl.4.24,paul.hl.4.24_2024-01-02,albert,n,1.34351724,384.8028294,0.108782951,1.65153921,24.99565481,2019.256885,9.437310247,0.521911759,17.6872213,0.641890929,1.613460032,0.136164711,2.359070241,459.368298,NA,710.0568542,42.74054656,default,FALSE,FALSE
Curve115,ryan.hl.2.38,ryan.hl.2.38_2024-01-02,albert,n,1.14193465,375.5899608,0.055527475,1.661917793,24.99758648,2019.501026,9.693578101,0.525803937,18.12473868,0.643742218,1.742890806,0.136570084,2.272398351,456.9136737,NA,710.1727497,42.74472705,default,FALSE,FALSE
Curve116,ryan.hc.3.35,ryan.hc.3.35_2024-01-02,albert,n,2.291341433,373.7365743,0.112166191,1.66315746,24.9958302,2019.568017,11.58265784,0.42807893,21.36258336,0.509366397,1.168034695,0.107469676,1.940972691,442.1860567,NA,710.0649417,42.74088142,default,FALSE,FALSE
Curve117,ryan.hl.1.37,ryan.hl.1.37_2024-01-02,albert,n,2.616316603,349.6649115,0.071866969,1.664745905,25.00185156,2019.604629,15.90653332,0.547289343,28.20633987,0.618798902,1.785812935,0.12952559,2.253042114,404.0753263,NA,710.4342057,42.7540596,default,FALSE,FALSE
Curve118,paul.hl.2.22,paul.hl.2.22_2024-01-02,ozzie,n,0.279099743,397.5449711,0.056322201,1.827024345,24.99376242,2000.005677,3.303852199,0.363278897,6.65252432,0.480838784,0.785426923,0.10324807,1.732162396,544.8518077,NA,709.9382082,42.7363573,default,FALSE,FALSE
Curve119,paul.hl.1.21,paul.hl.1.21_2024-01-02,ozzie,n,0.839890923,391.2844304,0.098305481,1.762691857,25.00186067,1999.998412,4.002104041,0.369130036,7.789009302,NA,0.532600546,0.098620775,1.889154201,503.8616842,450,710.4346243,42.75407696,bilinear,FALSE,FALSE
Curve120,paul.hc.4.20,paul.hc.4.20_2024-01-02,ozzie,n,0.286077326,395.7405815,0.045483366,1.804150926,24.99906683,2000.00343,6.154147127,0.569815028,12.53599449,0.76964279,1.624598371,0.165445579,2.681949004,557.5735054,NA,710.2636783,42.74796957,default,FALSE,FALSE
Curve121,ryan.hl.4.40,ryan.hl.4.40_2024-01-02,ozzie,n,12.2183129,240.8348151,0.130723968,1.768806173,25.00330806,1999.997319,73.37467659,1.554603725,112.4992912,1.369941699,3.250966827,0.272633687,7.455568154,277.386734,NA,710.5239271,42.7572546,default,FALSE,FALSE
Curve122,ryan.hc.2.34,ryan.hc.2.34_2024-01-02,gibson,n,1.233809782,385.5025162,0.113946702,1.9398521,25.00598145,1999.996353,5.919215066,0.597191938,10.48147795,0.691804863,0.727289977,0.146925188,2.319734259,408.1015368,NA,710.6872482,42.76309401,default,FALSE,FALSE
Curve123,paul.hc.3.19,paul.hc.3.19_2024-01-02,gibson,n,0.240421829,401.4390983,0.081997444,1.892643706,25.00399192,2000.005409,5.013750516,0.631182357,9.070890134,0.758746172,0.946371309,0.161672273,2.4925964,427.9580033,NA,710.5672599,42.75877687,default,FALSE,FALSE
Curve124,paul.hc.2.18,paul.hc.2.18_2024-01-02,gibson,n,1.686687684,379.8357137,0.057695131,1.963617702,24.97527581,1999.99912,4.731743006,0.982390634,8.139963141,1.032934425,1.078931822,0.219674112,2.867118926,382.9208311,NA,708.8633009,42.69697904,default,FALSE,FALSE
Curve125,ryan.lh.1.45,ryan.lh.1.45_2024-01-03,albert,n,3.680399156,363.9565761,0.148456734,1.628817988,25.00996865,2015.362859,14.66477094,0.367291886,26.06681281,0.420397691,0.718016109,0.088430843,1.510060399,407.123482,NA,710.9317956,42.77182083,default,FALSE,FALSE
Curve126,brit.hc.1.1,brit.hc.1.1_2024-01-03,albert,n,0.042432147,402.5466805,0.06897185,1.662118171,24.99366412,2015.043556,5.885415121,0.502589358,11.35472199,0.648446457,1.75690159,0.139149959,2.156249207,492.3338452,NA,709.9344823,42.73618444,default,FALSE,FALSE
Curve127,ryan.lc.3.43,ryan.lc.3.43_2024-01-03,albert,n,10.00016404,263.4775125,0.122435233,1.647098756,24.99229019,2015.080905,60.10554245,1.169313239,102.2371961,1.170373888,3.711901737,0.236344078,6.129474052,347.594789,NA,709.8496004,42.73316602,default,FALSE,FALSE
Curve128,brit.hc.2.2,brit.hc.2.2_2024-01-03,albert,n,0.027520174,406.226378,0.057979396,1.661098572,24.99749228,2015.09464,2.733518205,0.404456798,4.924354896,0.482396153,0.842555338,0.103242104,1.519560257,424.9401315,NA,710.1669058,42.74451966,default,FALSE,FALSE
Curve129,brit.hl.2.6,brit.hl.2.6_2024-01-03,ozzie,n,1.428637854,362.3360253,0.05212113,1.581161683,25.00641937,2000.004925,7.866508506,0.499243999,14.9162697,0.609293453,0.895811303,0.129209118,2.167752463,472.868201,NA,710.7144272,42.76405837,default,FALSE,FALSE
Curve130,brit.hl.3.7,brit.hl.3.7_2024-01-03,ozzie,n,1.425314491,372.7946147,0.07245027,1.805148992,25.00000722,2000.000718,5.659465387,0.328909093,10.89924997,NA,0.359483719,0.082185474,1.188418667,490.7837081,400,710.3209135,42.7500197,bilinear,FALSE,FALSE
Curve131,ryan.lh.4.48,ryan.lh.4.48_2024-01-03,ozzie,n,5.994430578,378.178772,0.537570592,1.569732313,25.01057029,1999.998507,18.90047409,0.941072825,31.68072471,0.872521924,-0.179561432,0.18309431,2.706926697,357.5809176,NA,710.9688795,42.773141,default,FALSE,FALSE
Curve132,ryan.lc.4.44,ryan.lc.4.44_2024-01-03,ozzie,n,6.674510051,323.0251913,0.144845757,1.805636929,25.00390104,1999.997702,25.6040941,0.516782848,43.36019001,0.54376287,0.383648153,0.112722726,2.130013744,362.0234232,NA,710.5599722,42.75854651,default,FALSE,FALSE
Curve133,ryan.lc.1.45,ryan.lc.1.45_2024-01-03,gibson,n,7.577115109,369.568421,0.50590689,1.755553005,25.04062576,1999.991016,29.54938739,0.748054519,53.06040474,0.874851963,1.675917216,0.182856146,3.349060384,408.7946662,NA,712.8171086,42.83901228,default,FALSE,FALSE
Curve134,brit.hl.1.5,brit.hl.1.5_2024-01-03,gibson,n,-0.024753341,425.8830171,0.093815313,1.856555712,24.99988155,2000.000939,6.549270871,0.620468603,12.57434754,0.797925593,1.447974605,0.170185689,2.870495512,486.8064364,NA,710.3143804,42.7497662,default,FALSE,FALSE
Curve135,ryan.lh.3.47,ryan.lh.3.47_2024-01-03,gibson,n,6.321821629,368.9288686,0.182797,1.766043116,24.99774398,2000.002768,22.93373674,0.694198662,40.66666195,0.791822898,0.907274525,0.165482726,3.11391816,400.032822,NA,710.1848432,42.74511646,default,FALSE,FALSE
Curve136,brit.lh.3.15,brit.lh.3.15_2024-01-04,albert,n,1.9096197,379.4781255,0.123943458,1.651537618,24.99885096,2011.683877,13.68906332,0.746847518,25.98215772,0.932676292,2.405746402,0.198188444,3.195680509,469.7063294,NA,710.2503619,42.74749568,default,FALSE,FALSE
Curve137,paul.lc.2.26,paul.lc.2.26_2024-01-04,albert,n,0.373908708,396.8287171,0.062310957,1.679659484,24.9953064,2011.626477,4.944892702,0.382464639,9.482345538,0.487950988,1.220758523,0.10449138,1.637819723,486.3582595,NA,710.0337927,42.73975291,default,FALSE,FALSE
Curve138,brit.lh.4.16,brit.lh.4.16_2024-01-04,albert,n,1.224003933,383.7569419,0.090328836,1.642048643,24.99475802,2011.665709,11.69504606,0.779267092,22.21712464,0.981361835,2.407023301,0.209207483,3.258304869,471.7772255,NA,709.9991404,42.73853397,default,FALSE,FALSE
Curve139,paul.lc.3.27,paul.lc.3.27_2024-01-04,ozzie,n,0.021482842,404.6904592,0.046639124,1.863834633,25.00301286,2000.006735,2.078516253,0.263579961,4.629203869,0.421422222,0.669537226,0.084220429,1.346019188,697.0738042,NA,710.5051326,42.75659584,default,FALSE,FALSE
Curve140,brit.lc.2.10,brit.lc.2.10_2024-01-04,ozzie,n,0.776523474,379.547334,0.048258894,1.812073179,24.99534712,1999.995321,9.50675614,0.854985991,18.84725387,1.169353606,2.148984166,0.239865514,3.148213698,520.9237648,NA,710.0357833,42.73983273,default,FALSE,FALSE
Curve141,brit.lc.3.11,brit.lc.3.11_2024-01-04,gibson,n,1.83877916,359.1087856,0.066713082,1.882198665,24.99884282,1999.999552,13.91555312,0.772845977,24.63372674,0.904519933,2.386570619,0.191062282,2.785802216,403.4444028,NA,710.2584025,42.7476347,default,FALSE,FALSE
Curve142,brit.lh.1.13,brit.lh.1.13_2024-01-04,gibson,n,0.760620232,390.7834526,0.092486515,1.873917825,24.99340129,2000.002849,9.5408704,0.680861288,17.46000204,0.834509113,2.151316034,0.177714032,2.649364971,435.7375036,NA,709.9196478,42.7356328,default,FALSE,FALSE
Curve143,paul.hc.3.19,paul.hc.3.19_2024-01-05,albert,n,0.176575962,400.3841028,0.043070338,1.649111287,24.99461423,2015.929015,5.621688848,0.404043668,10.87897417,0.524933657,1.600445609,0.11271979,1.66465429,495.9537628,NA,709.9905233,42.73822297,default,FALSE,FALSE
Curve144,ryan.hc.2.34,ryan.hc.2.34_2024-01-05,albert,n,2.031770239,380.3718152,0.139151119,1.633041273,25.00283998,2017.77386,9.966092489,0.346865403,18.3208268,0.416571601,1.004237034,0.088301797,1.468480139,440.274467,NA,710.4948654,42.75622363,default,FALSE,FALSE
Curve145,paul.hc.2.18,paul.hc.2.18_2024-01-05,albert,n,0.448973744,397.3494282,0.081873472,1.664453445,24.99582657,2016.746025,5.663787486,0.349604322,10.76479359,0.44006212,1.291417732,0.094105503,1.489201151,476.3371543,NA,710.0667824,42.74091134,default,FALSE,FALSE
Curve146,paul.hl.4.24,paul.hl.4.24_2024-01-05,ozzie,n,0.729365202,381.9482398,0.049547276,1.778194149,24.9897034,2000.008822,7.654825225,0.694288522,15.20886193,0.911069124,1.669255006,0.194969049,3.117576191,524.6935307,NA,709.689796,42.72748321,default,FALSE,FALSE
Curve147,paul.hl.1.21,paul.hl.1.21_2024-01-05,ozzie,n,0.271422008,396.6289639,0.048192887,1.800806842,24.99038445,2000.009463,2.629700241,0.39423709,5.635533477,NA,0.611929368,0.099059396,1.492212011,632.2342689,400,709.7319976,42.72898174,bilinear,FALSE,FALSE
Curve148,paul.hc.4.20,paul.hc.4.20_2024-01-05,ozzie,n,0.14687584,400.7110756,0.045292401,1.798635644,24.99969785,1999.998017,2.938082643,0.335399378,6.422477615,0.519090517,0.82045423,0.10454463,1.609835947,664.034434,NA,710.3019436,42.74934267,default,FALSE,FALSE
Curve149,ryan.hl.2.38,ryan.hl.2.38_2024-01-05,ozzie,n,1.255431914,369.9511878,0.058246974,1.815497348,25.00042704,2000.005073,5.580530669,0.356285965,11.04713933,NA,0.480444755,0.092049115,1.377610769,522.4779491,450,710.3466949,42.75093915,bilinear,FALSE,FALSE
Curve150,ryan.hl.4.40,ryan.hl.4.40_2024-01-05,gibson,n,10.44797738,221.4806374,0.097738952,1.955063737,24.99656689,2000.001498,88.03014203,2.633723779,128.4811362,2.247206436,7.249916378,0.442689979,10.06596655,246.5731013,NA,710.1102001,42.74249519,default,FALSE,FALSE
Curve151,ryan.hl.1.37,ryan.hl.1.37_2024-01-05,gibson,n,2.201058898,354.2667143,0.073573264,1.944317961,25.01181961,1999.998318,16.25945812,0.867332592,28.80253461,1.011357818,2.574993855,0.212901058,3.177458606,403.3193221,NA,711.0459206,42.77588305,default,FALSE,FALSE
Curve152,ryan.hc.3.35,ryan.hc.3.35_2024-01-05,gibson,n,1.828409047,362.356002,0.071169715,1.838252115,24.99016581,1999.992548,22.14080154,1.873171539,40.65874801,2.33012499,4.924284925,0.493998868,6.593824487,431.3150368,NA,709.72607,42.72864074,default,FALSE,FALSE
Curve153,brit.hl.2.6,brit.hl.2.6_2024-01-07,albert,n,0.95900377,380.2405607,0.060263509,1.667504708,24.98762185,2014.984641,7.663693818,0.423575832,14.37752287,0.520377455,1.274206794,0.110708497,1.753755088,461.1202093,NA,709.5623972,42.72293224,default,FALSE,FALSE
Curve154,brit.hc.1.1,brit.hc.1.1_2024-01-07,albert,n,-0.083938444,414.1400184,0.019037114,1.676425824,24.9941661,2014.244725,6.281006046,0.633700064,12.18436046,0.867922646,2.177284387,0.187757888,2.091798736,498.1837536,NA,709.9631454,42.7372441,default,FALSE,FALSE
Curve155,ryan.lc.1.41,ryan.lc.1.41_2024-01-07,albert,n,5.099581215,317.2510177,0.097768652,1.61389051,25.00551828,2015.138477,25.02076644,0.417340952,43.36777732,0.44834993,1.666460268,0.093287887,1.749669555,380.5290041,NA,710.6588817,42.76208102,default,FALSE,FALSE
Curve156,brit.hl.3.7,brit.hl.3.7_2024-01-07,albert,n,1.106740461,375.5255925,0.058905838,1.666489792,24.99598636,2014.325706,6.870207307,0.383909756,12.96492249,0.472377207,1.007360996,0.100491218,1.641095883,468.0599921,NA,710.0744401,42.74122175,default,FALSE,FALSE
Curve157,brit.hl.1.5,brit.hl.1.5_2024-01-07,ozzie,n,0.754204704,374.7721131,0.039982246,1.855479628,24.98821435,1999.991798,4.142674112,0.351724805,8.297995359,NA,0.570811093,0.092104003,1.580996072,537.3266592,450,709.5987828,42.72422989,bilinear,FALSE,FALSE
Curve158,brit.hc.2.2,brit.hc.2.2_2024-01-07,ozzie,n,0.083592589,401.1860214,0.029211411,1.84125592,24.99425882,1999.986168,2.455607598,0.229013893,5.811292386,0.427005953,0.752834029,0.079086934,1.381518392,815.2372382,NA,709.9684325,42.7374397,default,FALSE,FALSE
Curve159,ryan.lc.3.43,ryan.lc.3.43_2024-01-07,ozzie,n,9.741551645,294.679573,0.158838093,1.768232504,24.99374154,2000.002953,40.68214149,0.471512486,69.25194719,0.483908073,0.621753328,0.098913779,2.731941031,358.1737495,NA,709.9374407,42.73632102,default,FALSE,FALSE
Curve160,ryan.lh.3.47,ryan.lh.3.47_2024-01-07,gibson,n,3.332318566,273.4789561,0.041209939,1.895691886,24.96239363,1999.991993,20.89712945,0.846669843,35.25098698,0.858795334,2.036502271,0.178421725,2.877105823,359.7309796,NA,708.0539103,42.66842786,default,FALSE,FALSE
Curve161,ryan.lh.1.45,ryan.lh.1.45_2024-01-07,gibson,n,3.390662896,334.4079997,0.080971528,1.870997505,24.99541689,1999.994462,19.50468211,0.740739789,34.06798484,0.830686907,2.276477527,0.174174809,2.772839111,389.1031584,NA,710.0421773,42.74002428,default,FALSE,FALSE
Curve162,ryan.lc.4.44,ryan.lc.4.44_2024-01-07,gibson,n,4.768177008,325.5346723,0.103179556,1.846771122,25.00341731,2000.001185,23.26092657,0.768448959,39.42126672,0.826572687,1.861309777,0.172226152,2.870085983,363.6612843,NA,710.5336771,42.75754971,default,FALSE,FALSE
Curve163,ryan.lh.4.48,ryan.lh.4.48_2024-01-07,gibson,n,4.163857064,370.2978461,0.234071072,1.792857558,25.00952399,2000.002276,17.68038681,0.682883517,30.96325008,0.773245093,1.124473044,0.162663549,2.70327874,392.7776377,NA,710.9062793,42.77087981,default,FALSE,FALSE
Curve164,paul.hl.4.24,paul.hl.4.24_2024-01-09,albert,n,0.518680437,393.3855223,0.063384124,1.65385428,25.00516622,2012.076683,9.481801309,0.779393157,18.30297564,1.01199889,2.524376946,0.216825745,3.15488689,490.9603889,NA,710.637518,42.76131468,default,FALSE,FALSE
Curve165,paul.hc.4.20,paul.hc.4.20_2024-01-09,albert,n,-0.058623787,410.1090811,0.031310363,1.674173822,24.99068524,2012.246296,15.09225158,2.885967976,30.56358873,4.309284835,5.000888258,0.901069761,7.786836409,541.9687259,NA,709.7497802,42.72962785,default,FALSE,FALSE
Curve166,ryan.hl.4.40,ryan.hl.4.40_2024-01-09,albert,n,12.29955985,294.2327082,0.20621902,1.633677264,24.99863336,2012.288588,61.34015151,1.170858414,102.597383,1.198216195,3.331367145,0.24375006,6.334039632,335.5665866,NA,710.2384877,42.74704645,default,FALSE,FALSE
Curve167,ryan.hc.3.35,ryan.hc.3.35_2024-01-09,ozzie,n,0.97007411,373.5997315,0.050197783,1.859936935,24.99809334,2000.013673,4.394633914,0.345510904,9.130729036,NA,0.387511667,0.089889719,1.353144556,585.6716955,450,710.2036083,42.74583222,bilinear,FALSE,FALSE
Curve168,paul.hl.1.21,paul.hl.1.21_2024-01-09,gibson,n,0.237128805,390.8220766,0.026164958,1.902089101,24.98389071,2000.0028,7.215384117,0.903287132,13.40524105,1.166572837,2.125882927,0.250221954,3.08196965,451.3813035,NA,709.3349863,42.71479216,default,FALSE,FALSE
Curve169,ryan.hl.2.38,ryan.hl.2.38_2024-01-09,gibson,n,0.537573225,378.8700826,0.033207514,1.911889758,24.99710288,1999.990721,8.628454738,0.761871598,16.36885829,0.969604634,2.113302723,0.207183134,2.891582286,472.4345245,NA,710.1432982,42.74367243,default,FALSE,FALSE
Curve170,ryan.hl.1.37,ryan.hl.1.37_2024-01-09,gibson,n,1.187257166,371.8531546,0.059348812,1.885297126,25.01545707,1999.998851,10.51239743,0.733878647,19.54349239,0.901446895,1.969487679,0.19140217,2.939563783,451.4229383,NA,711.2711657,42.78388379,default,FALSE,FALSE
Curve171,ryan.lh.3.47,ryan.lh.3.47_2024-01-10,albert,n,2.175718027,349.346025,0.063003702,1.653241295,24.99518415,2012.344917,11.72729817,0.351442424,21.55192368,0.411486231,1.230548756,0.086910187,1.45496126,438.5985042,NA,710.0260101,42.73948012,default,FALSE,FALSE
Curve172,ryan.lh.1.45,ryan.lh.1.45_2024-01-10,albert,n,2.680670716,363.7125314,0.108378411,1.645855944,25.00117242,2012.410477,19.5784714,1.1934389,36.50073977,1.456891481,3.206704828,0.30838616,4.858095154,447.8965882,NA,710.3923128,42.75256876,default,FALSE,FALSE
Curve173,brit.hl.1.5,brit.hl.1.5_2024-01-10,albert,n,0.121135835,404.6635628,0.102293982,1.646446849,24.98832175,2012.50119,2.913851335,0.225481789,5.367380107,NA,0.876034023,0.060561028,1.067522071,445.6660705,450,709.605007,42.72445829,bilinear,FALSE,FALSE
Curve174,ryan.lc.4.44,ryan.lc.4.44_2024-01-10,albert,n,3.867550919,328.0475842,0.083244761,1.643444305,24.99585246,2012.336964,20.21722595,0.566715685,36.27181138,0.638662436,1.683439192,0.13346404,2.331394656,411.6669483,NA,710.0683383,42.74096743,default,FALSE,FALSE
Curve175,ryan.lh.4.48,ryan.lh.4.48_2024-01-10,ozzie,n,2.945783865,356.5027559,0.103697154,1.787304505,24.9964454,2000.007093,10.87365294,0.374630958,20.21409296,NA,0.32025768,0.094681015,1.473747514,450.3046649,450,710.1028785,42.74223167,bilinear,FALSE,FALSE
Curve176,brit.hl.2.6,brit.hl.2.6_2024-01-10,ozzie,n,0.81895978,379.5462029,0.051620964,1.820120277,24.99353998,1999.996331,3.6877212,0.368933176,7.759826159,NA,0.390453101,0.096078914,1.38018969,604.0712894,450,709.9246546,42.73587208,bilinear,FALSE,FALSE
Curve177,ryan.lc.1.41,ryan.lc.1.41_2024-01-10,ozzie,n,4.153362097,293.0138938,0.061288589,1.799846903,24.99474451,1999.99883,18.25724456,0.438619838,31.83748795,0.454070096,0.409726189,0.093776607,1.819991267,388.3721009,NA,709.9984803,42.7385075,default,FALSE,FALSE
Curve178,ryan.lc.3.43,ryan.lc.3.43_2024-01-10,ozzie,n,8.559726821,241.1047233,0.088241467,1.758891916,24.9980723,1999.989343,46.25925715,0.745640712,75.1416719,0.687898342,1.354516778,0.137394251,3.497478573,323.0988733,NA,710.2026107,42.74579155,default,FALSE,FALSE
Curve179,brit.hc.2.2,brit.hc.2.2_2024-01-10,gibson,n,-0.269524689,420.6332747,0.027305676,1.949052311,24.99149744,2000.003692,2.74095206,0.255567513,7.454101255,0.586240239,1.224088658,0.109403356,2.772932247,1230.829737,NA,709.800293,42.73141834,default,FALSE,FALSE
Curve180,brit.hl.3.7,brit.hl.3.7_2024-01-10,gibson,n,0.373821664,388.4320177,0.037814433,1.982744676,24.99964712,1999.997535,5.823624583,0.611971958,10.88272318,0.771088966,1.526227455,0.165025854,2.369318242,458.78823,NA,710.2989658,42.74923408,default,FALSE,FALSE
Curve181,paul.lc.2.26,paul.lc.2.26_2024-01-11,albert,n,1.546791693,368.4718107,0.067629161,1.659351879,25.00433687,2011.865405,13.01641023,0.837676816,23.93376363,1.019873863,2.38785958,0.216418439,3.220854795,438.7405658,NA,710.5866029,42.75949858,default,FALSE,FALSE
Curve182,brit.lc.3.11,brit.lc.3.11_2024-01-11,albert,n,1.560833316,369.396131,0.070793406,1.68243608,24.99831754,2010.767798,16.16731897,1.221080875,29.933366,1.511792765,3.258597738,0.320577528,4.627455085,443.1959037,NA,710.2178694,42.7463323,default,FALSE,FALSE
Curve183,paul.lc.3.27,paul.lc.3.27_2024-01-11,albert,n,2.723474976,338.9129876,0.067077402,1.662529923,24.99686182,2011.040673,24.74436113,1.751931361,44.93514505,2.090943035,4.352161202,0.440029532,6.247849814,419.8730447,NA,710.1280322,42.74313599,default,FALSE,FALSE
Curve184,brit.lc.1.9,brit.lc.1.9_2024-01-11,ozzie,n,4.10221609,257.7985357,0.045051213,1.774203,25.00219699,1999.985673,20.50643192,0.659574043,33.57618669,0.623195612,0.76299028,0.128048907,2.368009007,339.563135,NA,710.4561706,42.75482993,default,FALSE,FALSE
Curve185,paul.lh.1.29,paul.lh.1.29_2024-01-11,ozzie,n,5.580710568,318.2060202,0.109866349,1.752718654,24.99759997,2000.003165,21.08155849,0.399670622,37.12298317,NA,0.308187977,0.095411748,1.472763129,395.1402885,450,710.1732889,42.74475129,bilinear,FALSE,FALSE
Curve186,brit.lc.2.10,brit.lc.2.10_2024-01-11,ozzie,n,3.461599217,320.7923841,0.068134114,1.801997351,24.99996195,1999.99763,12.50242718,0.409031986,22.49206899,NA,0.012504404,0.097639385,1.842913725,418.504035,450,710.3180883,42.74991972,bilinear,FALSE,FALSE
Curve187,paul.lh.2.30,paul.lh.2.30_2024-01-11,ozzie,n,6.196939802,283.168172,0.084284129,1.786935148,24.98073919,1999.997031,28.13526311,0.648576532,45.2882225,0.616764032,0.632493271,0.126353206,2.437709377,324.0724416,NA,709.140945,42.70788065,default,FALSE,FALSE
Curve188,brit.lh.4.16,brit.lh.4.16_2024-01-11,gibson,n,1.444508744,359.6872601,0.052419947,1.877826655,24.99142953,1999.999649,7.998859349,0.733442715,13.87871361,0.831048454,1.031851826,0.17574312,2.700756201,389.0950196,NA,709.7962659,42.73127223,default,FALSE,FALSE
Curve189,paul.lc.1.25,paul.lc.1.25_2024-01-11,gibson,n,0.922795123,361.9661623,0.034503714,1.866050532,25.00377198,1999.99762,7.671703228,0.824078259,13.43992038,0.95086556,1.214575098,0.200956059,3.025429885,397.852338,NA,710.5550212,42.75831845,default,FALSE,FALSE
Curve190,brit.lh.3.15,brit.lh.3.15_2024-01-11,gibson,n,5.399222302,357.1360924,0.212373422,1.722755238,24.99066626,1999.993514,23.62017679,0.677347434,40.91390733,NA,1.51889783,0.171497145,2.703287833,380.0619428,450,709.7503502,42.72961815,bilinear,FALSE,FALSE
Curve191,paul.lh.3.31,paul.lh.3.31_2024-01-11,gibson,n,2.620026482,370.053424,0.131346407,1.773049152,24.98896359,1999.99981,12.17505443,0.657565437,21.65670179,0.764358137,1.143041118,0.161503825,2.639362516,408.1534242,NA,709.6459311,42.72589173,default,FALSE,FALSE
Curve192,paul.hl.4.24,paul.hl.4.24_2024-01-12,albert,n,0.565838799,386.7027383,0.045402345,1.642800003,24.99441378,2011.527445,8.602517351,1.473747467,17.93117206,NA,2.268296721,0.387956905,3.795106062,585.9988355,400,709.9783741,42.73778691,bilinear,FALSE,FALSE
Curve193,ryan.hl.2.38,ryan.hl.2.38_2024-01-12,albert,n,0.603757753,383.4032909,0.04140877,1.640530148,24.99240306,2011.817577,5.101189014,0.203511328,9.317041612,NA,0.976274237,0.05434604,0.912819995,436.382428,450,709.8550004,42.7333851,bilinear,FALSE,FALSE
Curve194,paul.hl.1.21,paul.hl.1.21_2024-01-12,ozzie,n,0.380160159,372.2810649,0.025888331,3.256451222,24.99137447,1999.998764,7.83875833,0.999174346,15.10615442,1.296220321,1.830387896,0.275735905,3.822909374,489.5788017,NA,709.7919434,42.73113436,default,FALSE,FALSE
Curve195,ryan.hl.4.40,ryan.hl.4.40_2024-01-12,ozzie,n,3.626516751,231.4748718,0.03354531,1.812136364,24.99682558,1999.990162,26.83555566,0.437538157,61.60698718,0.764005549,2.236145612,0.132528583,4.088032198,715.409601,NA,710.1263326,42.74306628,default,FALSE,FALSE
Curve196,ryan.hc.3.35,ryan.hc.3.35_2024-01-12,gibson,n,1.322564976,382.0566321,0.097468706,1.846448544,24.97576019,1999.989091,7.269364332,0.677759604,13.09936926,NA,0.941960572,0.177689475,2.700242776,421.8561897,450,708.8503813,42.69725535,bilinear,FALSE,FALSE
Curve197,ryan.hl.1.37,ryan.hl.1.37_2024-01-12,gibson,n,0.672516969,384.2561221,0.053187421,1.890725431,24.98805347,1999.999577,7.586383419,0.738799626,13.80577759,0.904819717,1.702976426,0.192637837,2.806925158,431.3313772,NA,709.6014911,42.72410871,default,FALSE,FALSE
Curve198,brit.hc.1.1,brit.hc.1.1_2024-01-14,albert,n,5.578332645,376.4881862,0.32881804,0.911268996,24.99588754,2011.499699,22.42492149,0.582783113,41.30185132,0.69882645,1.364028267,0.147491611,2.578796707,434.212903,NA,710.0685468,42.74100854,default,FALSE,FALSE
Curve199,ryan.lc.1.41,ryan.lc.1.41_2024-01-14,albert,n,5.422964912,304.6398474,0.090727698,1.674616741,25.00782667,2011.517466,36.35748857,1.564319299,61.78376559,1.682098135,3.960862814,0.346277363,5.533220815,359.6767531,NA,710.8020554,42.76716264,default,FALSE,FALSE
Curve200,ryan.lc.4.44,ryan.lc.4.44_2024-01-14,albert,n,6.935216389,342.7930891,0.205307461,1.625643469,25.00733598,2011.124221,33.42923896,0.95070592,59.3684343,1.07772667,2.561670282,0.224546965,4.061005223,395.9303805,NA,710.7712697,42.766076,default,FALSE,FALSE
Curve201,brit.hl.2.6,brit.hl.2.6_2024-01-14,ozzie,n,9.228258812,321.4969584,0.200429957,1.772102327,25.00430266,1999.995605,34.9981373,0.51883054,58.90100969,0.539807641,-0.057300846,0.111084328,2.489444047,352.9785243,NA,710.5848166,42.75942943,default,FALSE,FALSE
Curve202,ryan.lh.4.48,ryan.lh.4.48_2024-01-14,ozzie,n,9.551149317,260.0906431,0.109065604,1.74306192,24.99526422,2000.010873,37.0600438,1.02730497,64.73071922,NA,0.517281742,0.233193024,3.244649808,379.8125583,450,710.0313064,42.73966245,bilinear,FALSE,FALSE
Curve203,ryan.lh.1.45,ryan.lh.1.45_2024-01-14,ozzie,n,-2.579463064,457.3805971,0.10886713,1.721005552,25.00357058,1999.995122,14.01487493,2.401938114,23.36189175,2.382648994,0.916974425,0.501089495,7.44623001,355.2993935,NA,710.5395183,42.75781982,default,FALSE,FALSE
Curve204,brit.hl.3.7,brit.hl.3.7_2024-01-14,ozzie,n,0.653657498,399.1869354,0.103303349,1.746619934,25.00278115,2000.004182,7.361001054,0.753499956,14.78876948,NA,0.190946867,0.193544417,2.698014051,539.2053013,450,710.4910284,42.75609068,bilinear,FALSE,FALSE
Curve205,brit.hl.1.5,brit.hl.1.5_2024-01-14,gibson,n,6.681393436,339.5314983,0.189038646,1.805749818,25.00941089,2000.006424,27.64399189,0.717508535,46.50279079,0.765659886,1.171563291,0.15907732,2.809538062,356.269825,NA,710.8989759,42.77062556,default,FALSE,FALSE
Curve206,brit.hc.2.2,brit.hc.2.2_2024-01-14,gibson,n,0.799288747,379.5510349,0.05231598,1.960719771,25.00267536,2000.001001,8.470020877,0.77676083,15.59564669,0.958423028,1.894038607,0.204319704,2.97124751,442.6520805,NA,710.4847182,42.7558624,default,FALSE,FALSE
Curve207,ryan.lh.3.47,ryan.lh.3.47_2024-01-14,gibson,n,10.27141673,277.6961761,0.143175818,1.802403744,25.00697509,2000.001584,52.26007376,1.027490996,82.88187175,0.982052173,2.602105239,0.199434471,4.576964612,305.6398569,NA,710.7485798,42.76527593,default,FALSE,FALSE
Curve208,ryan.lc.3.43,ryan.lc.3.43_2024-01-14,gibson,n,7.04358605,334.3578612,0.184418764,1.85149942,25.01298848,1999.993751,29.84138519,0.750624606,51.34380852,0.8196474,1.424460231,0.169896776,3.127082983,372.4638658,NA,711.1182924,42.77845385,default,FALSE,FALSE
Curve209,brit.lh.1.13,brit.lh.1.13_2024-01-15,albert,n,2.180719777,373.5877781,0.114510313,1.658427527,24.98686419,2011.530212,9.601470548,0.320488478,17.20386087,0.373505337,0.815272254,0.079015509,1.294710788,415.9405306,NA,709.5176593,42.72130575,default,FALSE,FALSE
Curve210,paul.lc.1.25,paul.lc.1.25_2024-01-15,albert,n,0.581745929,355.1493739,0.017857423,1.686120563,25.00349885,2011.54986,11.58403709,2.144566993,20.89150302,NA,2.894341557,0.592412347,4.049867194,421.4414433,450,710.5355753,42.7576712,bilinear,FALSE,FALSE
Curve211,paul.lh.3.31,paul.lh.3.31_2024-01-15,albert,n,2.095333315,355.0414613,0.067637945,1.702296697,25.00809635,2011.36466,11.32696539,0.389939274,20.40652054,NA,1.324863325,0.099527378,1.353723289,420.8210766,450,710.8171046,42.76772553,bilinear,FALSE,FALSE
Curve212,brit.lc.2.10,brit.lc.2.10_2024-01-15,ozzie,n,3.351489869,322.9556545,0.035372199,1.817556294,24.99701604,2000.010172,4.459510913,1.418140882,9.130488715,NA,0.062057082,0.377978071,5.567400722,565.635049,450,710.1377671,42.7434786,bilinear,FALSE,FALSE
Curve213,paul.lc.3.27,paul.lc.3.27_2024-01-15,ozzie,n,2.408235212,365.0630892,0.059283856,1.853599173,24.99189983,1999.992123,7.458633969,0.479524909,14.33078001,NA,0.052550431,0.122424212,3.156697695,486.5994614,450,709.8245429,42.73229115,bilinear,FALSE,FALSE
Curve214,paul.lc.2.26,paul.lc.2.26_2024-01-15,ozzie,n,1.40340934,362.1624998,0.051556699,1.789066456,24.99907837,2000.003001,5.798821401,0.516193284,11.30101034,NA,0.35032845,0.133834152,2.530998461,503.9673194,450,710.2641962,42.74799134,bilinear,FALSE,FALSE
Curve215,paul.lh.1.29,paul.lh.1.29_2024-01-15,ozzie,n,4.196818116,348.2592274,0.10861458,1.744857778,25.01287846,2000.002354,12.88487443,0.606966626,23.81503631,0.709252337,-0.017039196,0.150494982,2.306046035,444.1397753,NA,711.1106369,42.77819641,default,FALSE,FALSE
Curve216,brit.lc.1.9,brit.lc.1.9_2024-01-15,gibson,n,3.780916745,313.0156255,0.068296779,1.816672723,24.99076922,1999.999853,21.33870011,0.951885076,35.57458406,0.999359382,1.882347981,0.208096895,3.348247379,351.794006,NA,709.7567426,42.72984494,default,FALSE,FALSE
Curve217,paul.lh.2.30,paul.lh.2.30_2024-01-15,gibson,n,2.307793591,371.5964141,0.121754689,1.859614129,25.00153221,1999.991649,11.84214804,0.658455878,20.77454727,0.753561815,1.301784655,0.159331066,2.527868249,396.8646327,NA,710.4152573,42.75337235,default,FALSE,FALSE
Curve218,brit.lc.3.11,brit.lc.3.11_2024-01-15,gibson,n,1.270950419,375.4934762,0.07007151,1.819080456,25.00212518,1999.995679,9.843615188,0.813396939,17.87316528,0.985066414,1.86761234,0.209080073,3.154996705,428.5505356,NA,710.4530528,42.75469638,default,FALSE,FALSE
Curve219,brit.lh.4.16,brit.lh.4.16_2024-01-15,gibson,n,2.309785369,358.1057245,0.081880325,1.803738724,24.99634462,1999.999092,12.57745849,0.770176163,22.10506476,0.928678562,1.496421042,0.187763077,2.480003232,397.8500949,NA,710.0985304,42.74204474,default,FALSE,FALSE
Curve220,paul.hl.1.21,paul.hl.1.21_2024-01-16,albert,n,3.029847886,341.2178859,0.077584917,1.660275365,24.99699122,2011.569581,20.06160811,0.929051311,35.78413233,1.072782775,2.690248341,0.225425846,3.505861488,406.7105335,NA,710.1363135,42.74342554,default,FALSE,FALSE
Curve221,paul.hc.4.20,paul.hc.4.20_2024-01-16,albert,n,0.4857101,395.9539643,0.074575478,1.684577751,24.98551919,2010.855931,4.425116205,0.243893089,8.197598042,0.316660741,0.950985514,0.06423482,0.812506866,450.2710162,NA,709.4338121,42.71833707,default,FALSE,FALSE
Curve222,ryan.hc.3.35,ryan.hc.3.35_2024-01-16,albert,n,1.469900446,385.2344377,0.117853514,1.656758237,25.00220462,2010.847611,13.44024225,1.337565014,26.14635782,NA,2.852560784,0.360570166,3.612624532,496.5584544,450,710.4557094,42.75482957,bilinear,FALSE,FALSE
Curve223,ryan.hl.2.38,ryan.hl.2.38_2024-01-16,albert,n,3.203728296,357.8538649,0.113137996,1.647987074,24.99898586,2010.81782,21.04651516,1.456529463,38.17539604,NA,3.029170968,0.377271733,4.196077639,421.0940675,450,710.2582125,42.74778318,bilinear,FALSE,FALSE
Curve224,ryan.hl.1.37,ryan.hl.1.37_2024-01-16,albert,n,0.863370569,391.2221031,0.094422126,1.652722105,24.99559966,2010.793665,5.342795216,0.170188661,9.503344936,NA,0.665452864,0.045086509,0.900961335,411.9618227,450,710.0517969,42.7403951,bilinear,FALSE,FALSE
Curve225,paul.hl.4.24,paul.hl.4.24_2024-01-16,ozzie,n,7.816587277,319.7842798,0.150425653,1.69976964,24.99418455,2000.002796,20.84949463,0.804577143,38.27489491,NA,-1.595126691,0.19785808,2.106790497,431.9784493,450,709.963935,42.73727821,bilinear,FALSE,FALSE
Curve226,paul.hl.2.22,paul.hl.2.22_2024-01-16,ozzie,n,1.530670329,365.423279,0.061154503,1.812031955,24.99714673,1999.983339,6.570602958,0.529309043,12.81337634,0.71224653,0.434589911,0.149394926,1.137351068,504.0497514,NA,710.1464616,42.74377711,default,FALSE,FALSE
Curve227,paul.hc.3.19,paul.hc.3.19_2024-01-16,ozzie,n,-0.049404577,407.0314077,0.129374457,1.73444009,25.00722722,2000.006943,7.573979964,1.483052445,14.65445402,2.142958013,1.550766609,0.452160703,1.742123451,494.9611576,NA,710.7638252,42.76582376,default,FALSE,FALSE
Curve228,ryan.hc.2.34,ryan.hc.2.34_2024-01-16,ozzie,n,2.127374496,376.5361715,0.129308024,1.726841053,24.99949267,1999.997271,7.889393778,0.993832854,15.11970122,1.324544397,0.173647438,0.287772868,1.835403409,483.8846259,NA,710.2893027,42.74889255,default,FALSE,FALSE
Curve229,paul.hc.2.18,paul.hc.2.18_2024-01-16,gibson,n,0.234180038,397.7357387,0.052875285,1.938032311,24.99285661,2000.003666,4.982805769,0.595217393,9.280115007,0.742236562,1.361349607,0.158741786,2.36886416,455.5863921,NA,709.8840407,42.73440023,default,FALSE,FALSE
Curve230,ryan.hc.1.33,ryan.hc.1.33_2024-01-16,gibson,n,1.206168974,373.5228293,0.09020793,3.088376325,25.00477871,1999.997981,9.849484734,0.514030131,19.24590179,0.652790054,1.749654961,0.138706464,2.326058545,504.285967,NA,710.614474,42.7604798,default,FALSE,FALSE
Curve231,ryan.hl.4.40,ryan.hl.4.40_2024-01-16,gibson,n,10.71819974,324.9978,0.263046809,1.799389387,25.01547644,1999.994177,52.10656763,1.085804712,88.30144527,1.207313369,3.557799991,0.239049729,4.541979377,349.808387,NA,711.2726832,42.7839322,default,FALSE,FALSE
Curve232,ryan.lh.4.48,ryan.lh.4.48_2024-01-17,albert,n,6.617133307,309.3893756,0.119269532,1.682298696,24.99619805,2011.859538,29.45691507,0.575963238,51.05728715,NA,1.168967391,0.137602441,1.770713948,377.9051813,450,710.0878562,42.74169301,bilinear,FALSE,FALSE
Curve233,ryan.lh.1.45,ryan.lh.1.45_2024-01-17,albert,n,1.4458733,382.4605874,0.103143801,1.676560628,25.00403186,2012.326124,7.602917594,0.272127758,13.65786493,NA,0.926706653,0.071257626,1.406450802,420.040781,450,710.56765,42.7588265,bilinear,FALSE,FALSE
Curve234,brit.hl.3.7,brit.hl.3.7_2024-01-17,albert,n,1.185488988,392.0123098,0.13937356,1.649767092,25.00749614,2012.266385,6.416271939,0.288395113,11.60110539,NA,0.711302298,0.076145962,1.280875768,426.7827182,450,710.7810875,42.76642644,bilinear,FALSE,FALSE
Curve235,ryan.lh.3.47,ryan.lh.3.47_2024-01-17,ozzie,n,10.44630863,307.6598145,0.2009755,1.718062651,24.99133647,1999.999135,24.3215623,4.458047426,45.99729542,NA,-3.640116518,1.157733703,9.338811608,458.3316535,450,709.7910952,42.73107842,bilinear,FALSE,FALSE
Curve236,brit.hl.1.5,brit.hl.1.5_2024-01-17,ozzie,n,4.371607429,307.8115754,0.079316647,1.820069936,25.00566341,2000.00285,15.26155712,0.375797792,27.02120197,NA,-0.284389864,0.087993405,1.772444726,403.1642153,450,710.6683234,42.76240859,bilinear,FALSE,FALSE
Curve237,brit.hc.2.2,brit.hc.2.2_2024-01-17,ozzie,n,1.433421308,365.0681052,0.063194097,1.766797529,25.00211529,1999.994594,6.098596909,0.340969559,11.82094226,NA,0.421018317,0.086600181,1.803877437,497.7602646,450,710.4502263,42.75463398,bilinear,FALSE,FALSE
Curve238,ryan.lc.1.41,ryan.lc.1.41_2024-01-17,ozzie,n,4.161287858,315.6838393,0.081237505,1.818694969,25.00335467,2000.006964,18.0195802,0.53220828,31.21320502,0.567382436,0.603618156,0.117319623,2.161712904,383.3422638,NA,710.5262694,42.75734714,default,FALSE,FALSE
Curve239,ryan.lc.4.44,ryan.lc.4.44_2024-01-17,gibson,n,6.203973462,355.6754323,0.276288757,2.458116608,30.36223105,1999.997066,31.76914172,1.060258028,40.07468633,0.716583749,0.353203565,0.134424868,2.032957272,347.1542259,NA,1128.841224,55.98770149,default,FALSE,FALSE
Curve240,brit.hl.2.6,brit.hl.2.6_2024-01-17,gibson,n,6.85935867,298.1403044,0.110211261,1.85985188,24.99751882,2000.003944,35.1205452,0.942617985,57.25511451,0.921820199,1.471900116,0.187992195,3.678110607,330.3080534,NA,710.1753303,42.74470262,default,FALSE,FALSE
Curve241,brit.hc.1.1,brit.hc.1.1_2024-01-17,gibson,n,1.835243632,384.8254859,0.160301838,1.763963091,24.99424509,1999.994509,9.347046331,0.641676493,16.61392753,0.747143794,1.104958951,0.158431928,2.523001892,409.1931661,NA,709.9686811,42.73742969,default,FALSE,FALSE
Curve242,ryan.lc.3.43,ryan.lc.3.43_2024-01-17,gibson,n,5.374412255,359.9803395,0.223818663,1.78018492,25.02151085,1999.988823,22.70315868,0.669330828,40.27931124,0.766892392,1.233076472,0.160305257,2.813064724,401.5632277,NA,711.6419782,42.79712486,default,FALSE,FALSE
Curve243,brit.lh.4.16,brit.lh.4.16_2024-01-18,albert,n,1.747093947,329.6907022,0.03679248,1.661137528,25.00450261,2012.421794,11.29344272,0.41118008,21.96418478,0.499912687,1.320246711,0.105454972,1.880191329,497.9600153,NA,710.5969892,42.75986539,default,FALSE,FALSE
Curve244,brit.lh.1.13,brit.lh.1.13_2024-01-18,albert,n,1.06662016,390.4879344,0.113871284,1.667711876,25.00530722,2012.415186,12.24190915,1.326096808,24.73537091,NA,2.796282811,0.355189476,3.601728965,542.390395,450,710.6475627,42.76164891,bilinear,FALSE,FALSE
Curve245,paul.lc.2.26,paul.lc.2.26_2024-01-18,albert,n,0.865193998,362.8248739,0.031992863,1.671894411,24.99667007,2012.343175,7.024959928,0.370989132,12.5110479,0.431452312,1.117424926,0.091475866,1.35179665,412.2579619,NA,710.1164808,42.74272015,default,FALSE,FALSE
Curve246,brit.lc.3.11,brit.lc.3.11_2024-01-18,ozzie,n,1.121387348,359.0211006,0.039037317,1.826907574,24.99487833,2000.00448,5.406419845,0.361235755,11.49951533,NA,0.458844828,0.092147705,1.516185549,618.2397072,450,710.0066688,42.73880003,bilinear,FALSE,FALSE
Curve247,brit.lh.3.15,brit.lh.3.15_2024-01-18,ozzie,n,3.39394877,361.3650962,0.135026631,1.718901912,24.99694569,2000.003426,12.50997848,0.330622038,23.89716486,0.400082539,0.349449444,0.084459548,1.564457172,477.1101284,NA,710.1334846,42.74332522,default,FALSE,FALSE
Curve248,paul.lh.1.29,paul.lh.1.29_2024-01-18,ozzie,n,2.192590413,368.6889736,0.102205692,1.76840588,25.00009358,1999.999049,9.011711841,0.34006311,17.36844189,NA,0.564051696,0.087164252,1.816812008,489.2938745,450,710.3262904,42.75021018,bilinear,FALSE,FALSE
Curve249,brit.lc.1.9,brit.lc.1.9_2024-01-18,ozzie,n,2.14702373,315.833866,0.0389029,1.843528382,24.98871891,1999.98886,11.71122252,0.529256173,22.1292465,0.64531117,1.048766573,0.129730317,2.070073298,465.8907763,NA,709.6294158,42.72532848,default,FALSE,FALSE
Curve250,brit.lc.2.10,brit.lc.2.10_2024-01-18,gibson,n,0.414164933,373.6965035,0.020855362,1.896962614,24.98395399,1999.994599,7.733046945,0.848452598,13.60502278,1.051031218,1.703893922,0.215940329,2.247844893,400.6725518,NA,709.3394308,42.71494102,default,FALSE,FALSE
Curve251,paul.lc.3.27,paul.lc.3.27_2024-01-18,gibson,n,1.820473785,320.9109502,0.034906868,1.890502925,24.99688103,1999.997115,13.90151663,1.121548871,23.6822161,1.294806047,2.049176251,0.262424325,3.224154164,371.7451934,NA,710.1333176,42.74325342,default,FALSE,FALSE
Curve252,paul.lh.2.30,paul.lh.2.30_2024-01-18,gibson,n,1.546136609,373.4981198,0.082972341,1.890691348,24.98981272,1999.998111,10.8814162,0.805612444,19.64894565,0.964671826,1.83674584,0.204663467,3.151834228,422.3650764,NA,709.6974352,42.72773963,default,FALSE,FALSE
Curve253,ryan.hl.2.38,ryan.hl.2.38_2024-01-19,albert,n,1.980229748,383.6268657,0.155592767,1.642910247,25.00072024,2019.363942,15.06565317,1.231494309,28.47465646,1.53785122,2.700759906,0.326704983,5.198188527,464.5594918,NA,710.3679625,42.75164119,default,FALSE,FALSE
Curve254,paul.hl.2.22,paul.hl.2.22_2024-01-19,albert,n,0.837826986,377.5155095,0.046100226,1.647619882,25.00557978,2018.486382,16.46705732,1.753533911,31.00827533,2.270632015,4.159818114,0.484583354,6.003974178,460.0802778,NA,710.662552,42.76221376,default,FALSE,FALSE
Curve255,paul.hc.3.19,paul.hc.3.19_2024-01-19,albert,n,0.928702928,364.6236539,0.035550227,1.692838153,25.00716987,2018.363106,15.71404032,1.89805317,29.13374261,2.502017198,3.753062189,0.514274501,5.179526892,445.220267,NA,710.7603216,42.76569849,default,FALSE,FALSE
Curve256,ryan.hc.1.33,ryan.hc.1.33_2024-01-19,ozzie,n,0.635610986,383.8058871,0.0462064,1.787196408,24.99908921,1999.996508,5.20153066,0.415905143,11.19756325,NA,1.021867876,0.111634818,1.489500106,637.0078469,450,710.2648156,42.74801423,bilinear,FALSE,FALSE
Curve257,ryan.hc.2.34,ryan.hc.2.34_2024-01-19,ozzie,n,1.345651338,387.4834178,0.127478039,1.728250768,25.00363908,1999.987735,6.413798231,0.344733232,12.73114457,0.470708272,0.699734347,0.095106767,1.379579417,525.2480049,NA,710.5437306,42.75796995,default,FALSE,FALSE
Curve258,paul.hc.4.20,paul.hc.4.20_2024-01-19,ozzie,n,0.684773585,372.73717,0.032819951,1.772349177,25.0063628,1999.994296,5.43407359,0.475594847,11.99592167,NA,0.988831007,0.12617229,1.82153931,677.9018301,450,710.7111677,42.76393841,bilinear,FALSE,FALSE
Curve260,ryan.hl.1.37,ryan.hl.1.37_2024-01-19,ozzie,n,0.437711393,394.0985473,0.05915386,1.758232091,24.99674353,1999.987174,3.954840285,0.22966733,9.332988185,0.368816471,0.795940161,0.078397756,1.726317199,806.823483,NA,710.1209054,42.74287944,default,FALSE,FALSE
Curve261,paul.hl.4.24,paul.hl.4.24_2024-01-19,gibson,n,11.44363232,271.835038,0.154453451,1.838784123,25.01070647,1999.99062,76.35526174,2.777378273,120.4604205,2.689945562,6.675586918,0.541840973,10.82343602,292.2867826,NA,710.9785842,42.77346388,default,FALSE,FALSE
Curve262,ryan.hc.3.35,ryan.hc.3.35_2024-01-19,gibson,n,1.014780559,375.4999937,0.055076448,1.822548492,25.00309394,1999.989743,10.21901277,0.655950513,18.34533072,0.784918167,2.100044996,0.166689649,2.39806264,417.9697752,NA,710.5146365,42.7568565,default,FALSE,FALSE
Curve263,paul.hl.1.21,paul.hl.1.21_2024-01-19,gibson,n,2.87685422,338.756324,0.07200248,1.849389384,25.00045016,1999.994552,19.78163369,1.060419692,34.47838975,1.213451595,3.017679357,0.255227571,3.742389959,387.4090191,NA,710.3536087,42.75109065,default,FALSE,FALSE
Curve264,ryan.lh.3.47,ryan.lh.3.47_2024-01-21,albert,n,6.658600011,281.5116828,0.090846756,1.687455219,24.99906488,2011.772461,41.25765954,1.295999366,67.61651633,1.299857935,3.454841578,0.266062881,4.661791769,331.3763836,NA,710.2640764,42.74797481,default,FALSE,FALSE
Curve265,brit.hc.2.2,brit.hc.2.2_2024-01-21,albert,n,0.232498128,392.5299036,0.02554967,1.681914805,24.99918331,2011.04747,11.73798873,1.709110537,22.61426784,2.402991731,3.404852554,0.498382854,4.610139407,486.9542504,NA,710.2705763,42.74821999,default,FALSE,FALSE
Curve266,ryan.lc.3.43,ryan.lc.3.43_2024-01-21,albert,n,3.342876331,346.7740594,0.095457584,1.665541359,24.99898312,2011.087456,22.13104388,1.066246109,40.26816805,1.257677992,3.131475211,0.264758576,4.190511603,423.2904269,NA,710.2592161,42.74779869,default,FALSE,FALSE
Curve267,ryan.lh.1.45,ryan.lh.1.45_2024-01-21,ozzie,n,0.943300167,360.9356382,0.03423484,1.859130254,24.99859975,2000.010078,15.11235038,2.387457025,29.23265608,NA,3.685821858,0.652533672,5.129792247,488.8304253,450,710.2348946,42.74694477,bilinear,FALSE,FALSE
Curve268,ryan.lc.4.44,ryan.lc.4.44_2024-01-21,ozzie,n,4.117785652,326.3576207,0.088159929,1.785906119,25.00548084,1999.994397,16.49782423,0.362955102,29.60301234,NA,0.536119344,0.087947275,1.501425161,414.1979241,450,710.6566434,42.76200014,bilinear,FALSE,FALSE
Curve269,brit.hc.1.1,brit.hc.1.1_2024-01-21,ozzie,n,-0.023728868,407.6215729,0.026846206,1.806058707,24.99466064,2000.002794,3.610076802,0.259924571,8.544684842,0.425058112,1.199070411,0.091229911,1.833094705,813.6809949,NA,709.9932725,42.73832276,default,FALSE,FALSE
Curve270,brit.hl.3.7,brit.hl.3.7_2024-01-21,ozzie,n,0.869291639,378.7885086,0.052966174,1.813445596,24.99983977,1999.999409,4.843794096,0.330038123,10.25856347,NA,0.564857279,0.086189969,1.879533027,612.7310439,450,710.3110555,42.74966076,bilinear,FALSE,FALSE
Curve271,ryan.lc.1.41,ryan.lc.1.41_2024-01-21,ozzie,n,4.424562836,339.6749208,0.116580561,1.764465613,25.02362224,1999.995976,18.21863409,0.447983565,32.5852739,0.523376666,0.67432211,0.105184152,1.701854459,411.1264412,NA,711.7720367,42.80175634,default,FALSE,FALSE
Curve272,ryan.lh.4.48,ryan.lh.4.48_2024-01-21,gibson,n,2.053583404,261.3385963,0.022885373,1.914939891,25.00976524,2000.000549,30.06393459,3.066007843,47.18627999,3.189083669,4.73657755,0.639420104,6.004780663,307.9046498,NA,710.9202134,42.77139202,default,FALSE,FALSE
Curve273,brit.hl.1.5,brit.hl.1.5_2024-01-21,gibson,n,2.998126769,338.2641215,0.075056951,1.855027313,24.97884549,1999.987106,28.93977179,2.378844437,51.27858396,2.929379515,5.507162158,0.593334543,6.739188806,395.3429789,NA,709.0305927,42.70384236,default,FALSE,FALSE
Curve274,brit.hl.2.6,brit.hl.2.6_2024-01-21,gibson,n,4.445869076,300.5888524,0.0712263,1.853580429,24.99024542,1999.994243,29.83208142,1.104729961,47.40397212,1.131325963,2.927047551,0.225697291,3.061242454,315.2488722,NA,709.7245659,42.72869756,default,FALSE,FALSE
Curve274,brit.hl.2.6,brit.hl.2.6_2024-01-21,gibson,n,4.445869076,300.5888524,0.0712263,1.853580429,24.99024542,1999.994243,29.83208142,1.104729961,47.40397212,1.131325963,2.927047551,0.225697291,3.061242454,315.2488722,NA,709.7245659,42.72869756,default,FALSE,FALSE
